http://irail.be/vehicle/P8300,http://irail.be/stations/NMBS/008831005,P,2019-01-13T19:43:00,2019-01-13T19:43:00,26,
http://irail.be/vehicle/P8300,http://irail.be/stations/NMBS/008831039,P,2019-01-13T19:49:00,2019-01-13T19:49:00,34,34
http://irail.be/vehicle/P8300,http://irail.be/stations/NMBS/008831807,P,2019-01-13T19:57:00,2019-01-13T19:57:00,-87,-87
http://irail.be/vehicle/P8300,http://irail.be/stations/NMBS/008833605,P,2019-01-13T20:06:00,2019-01-13T20:06:00,-132,-132
http://irail.be/vehicle/P8300,http://irail.be/stations/NMBS/008833670,P,2019-01-13T20:08:00,2019-01-13T20:08:00,-43,-43
http://irail.be/vehicle/P8300,http://irail.be/stations/NMBS/008833449,P,2019-01-13T20:10:00,2019-01-13T20:10:00,-43,-43
http://irail.be/vehicle/P8300,http://irail.be/stations/NMBS/008833308,P,2019-01-13T20:15:00,2019-01-13T20:15:00,-145,-145
http://irail.be/vehicle/P8300,http://irail.be/stations/NMBS/008833050,P,2019-01-13T20:21:00,2019-01-13T20:21:00,-275,-275
http://irail.be/vehicle/P8300,http://irail.be/stations/NMBS/008833001,P,2019-01-13T20:27:00,2019-01-13T20:27:00,-226,-226
http://irail.be/vehicle/P8300,http://irail.be/stations/NMBS/008811288,P,2019-01-13T20:31:00,2019-01-13T20:31:00,-73,-73
http://irail.be/vehicle/P8300,http://irail.be/stations/NMBS/008811270,P,2019-01-13T20:33:00,2019-01-13T20:33:00,-37,-37
http://irail.be/vehicle/P8300,http://irail.be/stations/NMBS/008811262,P,2019-01-13T20:35:00,2019-01-13T20:35:00,-37,-37
http://irail.be/vehicle/P8300,http://irail.be/stations/NMBS/008811254,P,2019-01-13T20:36:00,2019-01-13T20:36:00,-37,-37
http://irail.be/vehicle/P8300,http://irail.be/stations/NMBS/008811247,P,2019-01-13T20:36:00,2019-01-13T20:36:00,27,27
http://irail.be/vehicle/P8300,http://irail.be/stations/NMBS/008811221,P,2019-01-13T20:38:00,2019-01-13T20:38:00,-15,-15
http://irail.be/vehicle/P8300,http://irail.be/stations/NMBS/008811213,P,2019-01-13T20:39:00,2019-01-13T20:39:00,-17,-17
http://irail.be/vehicle/P8300,http://irail.be/stations/NMBS/008811130,P,2019-01-13T20:40:00,2019-01-13T20:40:00,-54,-54
http://irail.be/vehicle/P8300,http://irail.be/stations/NMBS/008811007,P,2019-01-13T20:41:00,2019-01-13T20:41:00,114,114
http://irail.be/vehicle/P8300,http://irail.be/stations/NMBS/008812005,P,2019-01-13T20:47:00,2019-01-13T20:45:00,115,126
http://irail.be/vehicle/P8300,http://irail.be/stations/NMBS/008813045,P,2019-01-13T20:49:00,2019-01-13T20:49:00,131,131
http://irail.be/vehicle/P8300,http://irail.be/stations/NMBS/008813003,P,2019-01-13T20:52:00,2019-01-13T20:51:00,121,121
http://irail.be/vehicle/P8300,http://irail.be/stations/NMBS/008813037,P,2019-01-13T20:53:00,2019-01-13T20:53:00,121,121
http://irail.be/vehicle/P8300,http://irail.be/stations/NMBS/008814001,P,2019-01-13T20:59:00,2019-01-13T20:56:00,16,138
http://irail.be/vehicle/P8300,http://irail.be/stations/NMBS/008892007,P,2019-01-13T21:28:00,2019-01-13T21:28:00,,39
http://irail.be/vehicle/P8300,http://irail.be/stations/NMBS/008831005,P,2019-03-24T19:49:00,2019-03-24T19:49:00,-14,
http://irail.be/vehicle/P8300,NO-URI,P,2019-03-24T19:52:00,2019-03-24T19:52:00,-14,-14
http://irail.be/vehicle/P8300,NO-URI,P,2019-03-24T19:57:00,2019-03-24T19:57:00,39,39
http://irail.be/vehicle/P8300,http://irail.be/stations/NMBS/008831088,P,2019-03-24T19:57:00,2019-03-24T19:57:00,41,41
http://irail.be/vehicle/P8300,http://irail.be/stations/NMBS/008831401,P,2019-03-24T20:06:00,2019-03-24T20:04:00,68,-16
http://irail.be/vehicle/P8300,http://irail.be/stations/NMBS/008833274,P,2019-03-24T20:09:00,2019-03-24T20:09:00,68,68
http://irail.be/vehicle/P8300,http://irail.be/stations/NMBS/008833266,P,2019-03-24T20:12:00,2019-03-24T20:12:00,-6,-6
http://irail.be/vehicle/P8300,http://irail.be/stations/NMBS/008833258,P,2019-03-24T20:14:00,2019-03-24T20:14:00,3,3
http://irail.be/vehicle/P8300,http://irail.be/stations/NMBS/008833209,P,2019-03-24T20:20:00,2019-03-24T20:19:00,50,-19
http://irail.be/vehicle/P8300,http://irail.be/stations/NMBS/008833233,P,2019-03-24T20:24:00,2019-03-24T20:24:00,50,50
http://irail.be/vehicle/P8300,http://irail.be/stations/NMBS/008811288,P,2019-03-24T20:31:00,2019-03-24T20:31:00,6,6
http://irail.be/vehicle/P8300,http://irail.be/stations/NMBS/008811270,P,2019-03-24T20:32:00,2019-03-24T20:32:00,-17,-17
http://irail.be/vehicle/P8300,http://irail.be/stations/NMBS/008811262,P,2019-03-24T20:34:00,2019-03-24T20:34:00,-17,-17
http://irail.be/vehicle/P8300,http://irail.be/stations/NMBS/008811254,P,2019-03-24T20:35:00,2019-03-24T20:35:00,-17,-17
http://irail.be/vehicle/P8300,http://irail.be/stations/NMBS/008811247,P,2019-03-24T20:36:00,2019-03-24T20:36:00,-17,-17
http://irail.be/vehicle/P8300,http://irail.be/stations/NMBS/008811221,P,2019-03-24T20:38:00,2019-03-24T20:38:00,-59,-59
http://irail.be/vehicle/P8300,http://irail.be/stations/NMBS/008811213,P,2019-03-24T20:39:00,2019-03-24T20:39:00,-63,-63
http://irail.be/vehicle/P8300,http://irail.be/stations/NMBS/008811130,P,2019-03-24T20:40:00,2019-03-24T20:40:00,-73,-73
http://irail.be/vehicle/P8300,http://irail.be/stations/NMBS/008811007,P,2019-03-24T20:41:00,2019-03-24T20:41:00,99,99
http://irail.be/vehicle/P8300,http://irail.be/stations/NMBS/008812005,P,2019-03-24T20:47:00,2019-03-24T20:45:00,190,169
http://irail.be/vehicle/P8300,http://irail.be/stations/NMBS/008813045,P,2019-03-24T20:49:00,2019-03-24T20:49:00,189,189
http://irail.be/vehicle/P8300,http://irail.be/stations/NMBS/008813003,P,2019-03-24T20:52:00,2019-03-24T20:51:00,245,229
http://irail.be/vehicle/P8300,http://irail.be/stations/NMBS/008813037,P,2019-03-24T20:53:00,2019-03-24T20:53:00,245,245
http://irail.be/vehicle/P8300,http://irail.be/stations/NMBS/008814001,P,2019-03-24T20:59:00,2019-03-24T20:56:00,161,246
http://irail.be/vehicle/P8300,http://irail.be/stations/NMBS/008892007,P,2019-03-24T21:28:00,2019-03-24T21:28:00,,315
http://irail.be/vehicle/P8300,http://irail.be/stations/NMBS/008831005,P,2019-02-10T19:49:00,2019-02-10T19:49:00,-1,
http://irail.be/vehicle/P8300,NO-URI,P,2019-02-10T19:52:00,2019-02-10T19:52:00,-1,-1
http://irail.be/vehicle/P8300,NO-URI,P,2019-02-10T19:57:00,2019-02-10T19:57:00,-16,-16
http://irail.be/vehicle/P8300,http://irail.be/stations/NMBS/008831088,P,2019-02-10T19:57:00,2019-02-10T19:57:00,-13,-13
http://irail.be/vehicle/P8300,http://irail.be/stations/NMBS/008831401,P,2019-02-10T20:06:00,2019-02-10T20:04:00,33,-38
http://irail.be/vehicle/P8300,http://irail.be/stations/NMBS/008833274,P,2019-02-10T20:10:00,2019-02-10T20:10:00,33,33
http://irail.be/vehicle/P8300,http://irail.be/stations/NMBS/008833266,P,2019-02-10T20:12:00,2019-02-10T20:12:00,-12,-12
http://irail.be/vehicle/P8300,http://irail.be/stations/NMBS/008833258,P,2019-02-10T20:15:00,2019-02-10T20:15:00,-26,-26
http://irail.be/vehicle/P8300,http://irail.be/stations/NMBS/008833209,P,2019-02-10T20:20:00,2019-02-10T20:19:00,18,-29
http://irail.be/vehicle/P8300,http://irail.be/stations/NMBS/008833233,P,2019-02-10T20:25:00,2019-02-10T20:25:00,18,18
http://irail.be/vehicle/P8300,http://irail.be/stations/NMBS/008811288,P,2019-02-10T20:31:00,2019-02-10T20:31:00,11,11
http://irail.be/vehicle/P8300,http://irail.be/stations/NMBS/008811270,P,2019-02-10T20:33:00,2019-02-10T20:33:00,-10,-10
http://irail.be/vehicle/P8300,http://irail.be/stations/NMBS/008811262,P,2019-02-10T20:34:00,2019-02-10T20:34:00,-10,-10
http://irail.be/vehicle/P8300,http://irail.be/stations/NMBS/008811254,P,2019-02-10T20:35:00,2019-02-10T20:35:00,-10,-10
http://irail.be/vehicle/P8300,http://irail.be/stations/NMBS/008811247,P,2019-02-10T20:36:00,2019-02-10T20:36:00,-12,-12
http://irail.be/vehicle/P8300,http://irail.be/stations/NMBS/008811221,P,2019-02-10T20:38:00,2019-02-10T20:38:00,-56,-56
http://irail.be/vehicle/P8300,http://irail.be/stations/NMBS/008811213,P,2019-02-10T20:39:00,2019-02-10T20:39:00,-62,-62
http://irail.be/vehicle/P8300,http://irail.be/stations/NMBS/008811130,P,2019-02-10T20:39:00,2019-02-10T20:39:00,-38,-38
http://irail.be/vehicle/P8300,http://irail.be/stations/NMBS/008811007,P,2019-02-10T20:41:00,2019-02-10T20:41:00,26,26
http://irail.be/vehicle/P8300,http://irail.be/stations/NMBS/008812005,P,2019-02-10T20:47:00,2019-02-10T20:45:00,65,59
http://irail.be/vehicle/P8300,http://irail.be/stations/NMBS/008813045,P,2019-02-10T20:49:00,2019-02-10T20:49:00,68,68
http://irail.be/vehicle/P8300,http://irail.be/stations/NMBS/008813003,P,2019-02-10T20:52:00,2019-02-10T20:51:00,57,57
http://irail.be/vehicle/P8300,http://irail.be/stations/NMBS/008813037,P,2019-02-10T20:54:00,2019-02-10T20:54:00,57,57
http://irail.be/vehicle/P8300,http://irail.be/stations/NMBS/008814001,P,2019-02-10T20:59:00,2019-02-10T20:56:00,92,54
http://irail.be/vehicle/P8300,http://irail.be/stations/NMBS/008892007,P,2019-02-10T21:28:00,2019-02-10T21:28:00,,0
http://irail.be/vehicle/P8300,http://irail.be/stations/NMBS/008831005,P,2019-01-20T19:49:00,2019-01-20T19:49:00,-8,
http://irail.be/vehicle/P8300,NO-URI,P,2019-01-20T19:52:00,2019-01-20T19:52:00,-8,-8
http://irail.be/vehicle/P8300,NO-URI,P,2019-01-20T19:57:00,2019-01-20T19:57:00,71,71
http://irail.be/vehicle/P8300,http://irail.be/stations/NMBS/008831088,P,2019-01-20T19:57:00,2019-01-20T19:57:00,75,75
http://irail.be/vehicle/P8300,http://irail.be/stations/NMBS/008831401,P,2019-01-20T20:06:00,2019-01-20T20:04:00,96,15
http://irail.be/vehicle/P8300,http://irail.be/stations/NMBS/008833274,P,2019-01-20T20:09:00,2019-01-20T20:09:00,96,96
http://irail.be/vehicle/P8300,http://irail.be/stations/NMBS/008833266,P,2019-01-20T20:12:00,2019-01-20T20:12:00,46,46
http://irail.be/vehicle/P8300,http://irail.be/stations/NMBS/008833258,P,2019-01-20T20:14:00,2019-01-20T20:14:00,55,55
http://irail.be/vehicle/P8300,http://irail.be/stations/NMBS/008833209,P,2019-01-20T20:20:00,2019-01-20T20:19:00,66,12
http://irail.be/vehicle/P8300,http://irail.be/stations/NMBS/008833233,P,2019-01-20T20:24:00,2019-01-20T20:24:00,66,66
http://irail.be/vehicle/P8300,http://irail.be/stations/NMBS/008811288,P,2019-01-20T20:31:00,2019-01-20T20:31:00,226,226
http://irail.be/vehicle/P8300,http://irail.be/stations/NMBS/008811270,P,2019-01-20T20:32:00,2019-01-20T20:32:00,230,230
http://irail.be/vehicle/P8300,http://irail.be/stations/NMBS/008811262,P,2019-01-20T20:34:00,2019-01-20T20:34:00,230,230
http://irail.be/vehicle/P8300,http://irail.be/stations/NMBS/008811254,P,2019-01-20T20:35:00,2019-01-20T20:35:00,230,230
http://irail.be/vehicle/P8300,http://irail.be/stations/NMBS/008811247,P,2019-01-20T20:36:00,2019-01-20T20:36:00,227,227
http://irail.be/vehicle/P8300,http://irail.be/stations/NMBS/008811221,P,2019-01-20T20:38:00,2019-01-20T20:38:00,184,184
http://irail.be/vehicle/P8300,http://irail.be/stations/NMBS/008811213,P,2019-01-20T20:39:00,2019-01-20T20:39:00,176,176
http://irail.be/vehicle/P8300,http://irail.be/stations/NMBS/008811130,P,2019-01-20T20:40:00,2019-01-20T20:40:00,134,134
http://irail.be/vehicle/P8300,http://irail.be/stations/NMBS/008811007,P,2019-01-20T20:41:00,2019-01-20T20:41:00,178,178
http://irail.be/vehicle/P8300,http://irail.be/stations/NMBS/008812005,P,2019-01-20T20:47:00,2019-01-20T20:45:00,125,170
http://irail.be/vehicle/P8300,http://irail.be/stations/NMBS/008813045,P,2019-01-20T20:49:00,2019-01-20T20:49:00,140,140
http://irail.be/vehicle/P8300,http://irail.be/stations/NMBS/008813003,P,2019-01-20T20:52:00,2019-01-20T20:51:00,159,137
http://irail.be/vehicle/P8300,http://irail.be/stations/NMBS/008813037,P,2019-01-20T20:53:00,2019-01-20T20:53:00,159,159
http://irail.be/vehicle/P8300,http://irail.be/stations/NMBS/008814001,P,2019-01-20T20:59:00,2019-01-20T20:56:00,139,183
http://irail.be/vehicle/P8300,http://irail.be/stations/NMBS/008892007,P,2019-01-20T21:28:00,2019-01-20T21:28:00,,83
http://irail.be/vehicle/P8300,http://irail.be/stations/NMBS/008831005,P,2019-04-28T19:49:00,2019-04-28T19:49:00,-15,
http://irail.be/vehicle/P8300,NO-URI,P,2019-04-28T19:52:00,2019-04-28T19:52:00,-15,-15
http://irail.be/vehicle/P8300,NO-URI,P,2019-04-28T19:57:00,2019-04-28T19:57:00,27,27
http://irail.be/vehicle/P8300,http://irail.be/stations/NMBS/008831088,P,2019-04-28T19:57:00,2019-04-28T19:57:00,32,32
http://irail.be/vehicle/P8300,http://irail.be/stations/NMBS/008831401,P,2019-04-28T20:06:00,2019-04-28T20:04:00,40,-23
http://irail.be/vehicle/P8300,http://irail.be/stations/NMBS/008833274,P,2019-04-28T20:10:00,2019-04-28T20:10:00,40,40
http://irail.be/vehicle/P8300,http://irail.be/stations/NMBS/008833266,P,2019-04-28T20:12:00,2019-04-28T20:12:00,-9,-9
http://irail.be/vehicle/P8300,http://irail.be/stations/NMBS/008833258,P,2019-04-28T20:15:00,2019-04-28T20:15:00,-27,-27
http://irail.be/vehicle/P8300,http://irail.be/stations/NMBS/008833209,P,2019-04-28T20:20:00,2019-04-28T20:19:00,25,-24
http://irail.be/vehicle/P8300,http://irail.be/stations/NMBS/008833233,P,2019-04-28T20:25:00,2019-04-28T20:25:00,25,25
http://irail.be/vehicle/P8300,http://irail.be/stations/NMBS/008811288,P,2019-04-28T20:31:00,2019-04-28T20:31:00,-20,-20
http://irail.be/vehicle/P8300,http://irail.be/stations/NMBS/008811270,P,2019-04-28T20:33:00,2019-04-28T20:33:00,-43,-43
http://irail.be/vehicle/P8300,http://irail.be/stations/NMBS/008811262,P,2019-04-28T20:34:00,2019-04-28T20:34:00,-43,-43
http://irail.be/vehicle/P8300,http://irail.be/stations/NMBS/008811254,P,2019-04-28T20:35:00,2019-04-28T20:35:00,-43,-43
http://irail.be/vehicle/P8300,http://irail.be/stations/NMBS/008811247,P,2019-04-28T20:36:00,2019-04-28T20:36:00,-42,-42
http://irail.be/vehicle/P8300,http://irail.be/stations/NMBS/008811221,P,2019-04-28T20:38:00,2019-04-28T20:38:00,-86,-86
http://irail.be/vehicle/P8300,http://irail.be/stations/NMBS/008811213,P,2019-04-28T20:39:00,2019-04-28T20:39:00,-92,-92
http://irail.be/vehicle/P8300,http://irail.be/stations/NMBS/008811130,P,2019-04-28T20:39:00,2019-04-28T20:39:00,-70,-70
http://irail.be/vehicle/P8300,http://irail.be/stations/NMBS/008811007,P,2019-04-28T20:41:00,2019-04-28T20:41:00,57,57
http://irail.be/vehicle/P8300,http://irail.be/stations/NMBS/008812005,P,2019-04-28T20:47:00,2019-04-28T20:45:00,35,66
http://irail.be/vehicle/P8300,http://irail.be/stations/NMBS/008813045,P,2019-04-28T20:49:00,2019-04-28T20:49:00,31,31
http://irail.be/vehicle/P8300,http://irail.be/stations/NMBS/008813003,P,2019-04-28T20:52:00,2019-04-28T20:51:00,71,61
http://irail.be/vehicle/P8300,http://irail.be/stations/NMBS/008813037,P,2019-04-28T20:54:00,2019-04-28T20:54:00,71,71
http://irail.be/vehicle/P8300,http://irail.be/stations/NMBS/008814001,P,2019-04-28T20:59:00,2019-04-28T20:56:00,20,74
http://irail.be/vehicle/P8300,http://irail.be/stations/NMBS/008892007,P,2019-04-28T21:28:00,2019-04-28T21:28:00,,-93
http://irail.be/vehicle/P8300,http://irail.be/stations/NMBS/008831005,P,2019-06-02T19:49:00,2019-06-02T19:49:00,234,
http://irail.be/vehicle/P8300,NO-URI,P,2019-06-02T19:52:00,2019-06-02T19:52:00,234,234
http://irail.be/vehicle/P8300,NO-URI,P,2019-06-02T19:57:00,2019-06-02T19:57:00,217,217
http://irail.be/vehicle/P8300,http://irail.be/stations/NMBS/008831088,P,2019-06-02T19:57:00,2019-06-02T19:57:00,220,220
http://irail.be/vehicle/P8300,http://irail.be/stations/NMBS/008831401,P,2019-06-02T20:06:00,2019-06-02T20:04:00,85,153
http://irail.be/vehicle/P8300,http://irail.be/stations/NMBS/008833274,P,2019-06-02T20:10:00,2019-06-02T20:10:00,85,85
http://irail.be/vehicle/P8300,http://irail.be/stations/NMBS/008833266,P,2019-06-02T20:12:00,2019-06-02T20:12:00,19,19
http://irail.be/vehicle/P8300,http://irail.be/stations/NMBS/008833258,P,2019-06-02T20:15:00,2019-06-02T20:15:00,7,7
http://irail.be/vehicle/P8300,http://irail.be/stations/NMBS/008833209,P,2019-06-02T20:20:00,2019-06-02T20:19:00,-7,-10
http://irail.be/vehicle/P8300,http://irail.be/stations/NMBS/008833233,P,2019-06-02T20:25:00,2019-06-02T20:25:00,-7,-7
http://irail.be/vehicle/P8300,http://irail.be/stations/NMBS/008811288,P,2019-06-02T20:31:00,2019-06-02T20:31:00,191,191
http://irail.be/vehicle/P8300,http://irail.be/stations/NMBS/008811270,P,2019-06-02T20:33:00,2019-06-02T20:33:00,166,166
http://irail.be/vehicle/P8300,http://irail.be/stations/NMBS/008811262,P,2019-06-02T20:34:00,2019-06-02T20:34:00,166,166
http://irail.be/vehicle/P8300,http://irail.be/stations/NMBS/008811254,P,2019-06-02T20:35:00,2019-06-02T20:35:00,166,166
http://irail.be/vehicle/P8300,http://irail.be/stations/NMBS/008811247,P,2019-06-02T20:36:00,2019-06-02T20:36:00,166,166
http://irail.be/vehicle/P8300,http://irail.be/stations/NMBS/008811221,P,2019-06-02T20:38:00,2019-06-02T20:38:00,121,121
http://irail.be/vehicle/P8300,http://irail.be/stations/NMBS/008811213,P,2019-06-02T20:39:00,2019-06-02T20:39:00,114,114
http://irail.be/vehicle/P8300,http://irail.be/stations/NMBS/008811130,P,2019-06-02T20:39:00,2019-06-02T20:39:00,136,136
http://irail.be/vehicle/P8300,http://irail.be/stations/NMBS/008811007,P,2019-06-02T20:41:00,2019-06-02T20:41:00,439,439
http://irail.be/vehicle/P8300,http://irail.be/stations/NMBS/008812005,P,2019-06-02T20:47:00,2019-06-02T20:45:00,383,437
http://irail.be/vehicle/P8300,http://irail.be/stations/NMBS/008813045,P,2019-06-02T20:49:00,2019-06-02T20:49:00,386,386
http://irail.be/vehicle/P8300,http://irail.be/stations/NMBS/008813003,P,2019-06-02T20:52:00,2019-06-02T20:51:00,386,383
http://irail.be/vehicle/P8300,http://irail.be/stations/NMBS/008813037,P,2019-06-02T20:54:00,2019-06-02T20:54:00,386,386
http://irail.be/vehicle/P8300,http://irail.be/stations/NMBS/008814001,P,2019-06-02T20:59:00,2019-06-02T20:56:00,324,397
http://irail.be/vehicle/P8300,http://irail.be/stations/NMBS/008892007,P,2019-06-02T21:28:00,2019-06-02T21:28:00,,338
http://irail.be/vehicle/P8300,http://irail.be/stations/NMBS/008831005,P,2019-02-24T19:49:00,2019-02-24T19:49:00,331,
http://irail.be/vehicle/P8300,NO-URI,P,2019-02-24T19:52:00,2019-02-24T19:52:00,331,331
http://irail.be/vehicle/P8300,NO-URI,P,2019-02-24T19:57:00,2019-02-24T19:57:00,390,390
http://irail.be/vehicle/P8300,http://irail.be/stations/NMBS/008831088,P,2019-02-24T19:57:00,2019-02-24T19:57:00,393,393
http://irail.be/vehicle/P8300,http://irail.be/stations/NMBS/008831401,P,2019-02-24T20:06:00,2019-02-24T20:04:00,333,357
http://irail.be/vehicle/P8300,http://irail.be/stations/NMBS/008833274,P,2019-02-24T20:09:00,2019-02-24T20:09:00,333,333
http://irail.be/vehicle/P8300,http://irail.be/stations/NMBS/008833266,P,2019-02-24T20:12:00,2019-02-24T20:12:00,252,252
http://irail.be/vehicle/P8300,http://irail.be/stations/NMBS/008833258,P,2019-02-24T20:14:00,2019-02-24T20:14:00,262,262
http://irail.be/vehicle/P8300,http://irail.be/stations/NMBS/008833209,P,2019-02-24T20:20:00,2019-02-24T20:19:00,203,189
http://irail.be/vehicle/P8300,http://irail.be/stations/NMBS/008833233,P,2019-02-24T20:24:00,2019-02-24T20:24:00,203,203
http://irail.be/vehicle/P8300,http://irail.be/stations/NMBS/008811288,P,2019-02-24T20:31:00,2019-02-24T20:31:00,176,176
http://irail.be/vehicle/P8300,http://irail.be/stations/NMBS/008811270,P,2019-02-24T20:32:00,2019-02-24T20:32:00,157,157
http://irail.be/vehicle/P8300,http://irail.be/stations/NMBS/008811262,P,2019-02-24T20:34:00,2019-02-24T20:34:00,157,157
http://irail.be/vehicle/P8300,http://irail.be/stations/NMBS/008811254,P,2019-02-24T20:35:00,2019-02-24T20:35:00,157,157
http://irail.be/vehicle/P8300,http://irail.be/stations/NMBS/008811247,P,2019-02-24T20:36:00,2019-02-24T20:36:00,157,157
http://irail.be/vehicle/P8300,http://irail.be/stations/NMBS/008811221,P,2019-02-24T20:38:00,2019-02-24T20:38:00,114,114
http://irail.be/vehicle/P8300,http://irail.be/stations/NMBS/008811213,P,2019-02-24T20:39:00,2019-02-24T20:39:00,107,107
http://irail.be/vehicle/P8300,http://irail.be/stations/NMBS/008811130,P,2019-02-24T20:40:00,2019-02-24T20:40:00,69,69
http://irail.be/vehicle/P8300,http://irail.be/stations/NMBS/008811007,P,2019-02-24T20:41:00,2019-02-24T20:41:00,169,169
http://irail.be/vehicle/P8300,http://irail.be/stations/NMBS/008812005,P,2019-02-24T20:47:00,2019-02-24T20:45:00,148,204
http://irail.be/vehicle/P8300,http://irail.be/stations/NMBS/008813045,P,2019-02-24T20:49:00,2019-02-24T20:49:00,153,153
http://irail.be/vehicle/P8300,http://irail.be/stations/NMBS/008813003,P,2019-02-24T20:52:00,2019-02-24T20:51:00,228,179
http://irail.be/vehicle/P8300,http://irail.be/stations/NMBS/008813037,P,2019-02-24T20:53:00,2019-02-24T20:53:00,226,226
http://irail.be/vehicle/P8300,http://irail.be/stations/NMBS/008814001,P,2019-02-24T20:59:00,2019-02-24T20:56:00,289,316
http://irail.be/vehicle/P8300,http://irail.be/stations/NMBS/008892007,P,2019-02-24T21:28:00,2019-02-24T21:28:00,,215
http://irail.be/vehicle/P8300,http://irail.be/stations/NMBS/008831005,P,2019-02-17T19:49:00,2019-02-17T19:49:00,68,
http://irail.be/vehicle/P8300,NO-URI,P,2019-02-17T19:52:00,2019-02-17T19:52:00,68,68
http://irail.be/vehicle/P8300,NO-URI,P,2019-02-17T19:57:00,2019-02-17T19:57:00,140,140
http://irail.be/vehicle/P8300,http://irail.be/stations/NMBS/008831088,P,2019-02-17T19:57:00,2019-02-17T19:57:00,143,143
http://irail.be/vehicle/P8300,http://irail.be/stations/NMBS/008831401,P,2019-02-17T20:06:00,2019-02-17T20:04:00,55,102
http://irail.be/vehicle/P8300,http://irail.be/stations/NMBS/008833274,P,2019-02-17T20:09:00,2019-02-17T20:09:00,55,55
http://irail.be/vehicle/P8300,http://irail.be/stations/NMBS/008833266,P,2019-02-17T20:12:00,2019-02-17T20:12:00,-25,-25
http://irail.be/vehicle/P8300,http://irail.be/stations/NMBS/008833258,P,2019-02-17T20:14:00,2019-02-17T20:14:00,-13,-13
http://irail.be/vehicle/P8300,http://irail.be/stations/NMBS/008833209,P,2019-02-17T20:20:00,2019-02-17T20:19:00,141,126
http://irail.be/vehicle/P8300,http://irail.be/stations/NMBS/008833233,P,2019-02-17T20:24:00,2019-02-17T20:24:00,141,141
http://irail.be/vehicle/P8300,http://irail.be/stations/NMBS/008811288,P,2019-02-17T20:31:00,2019-02-17T20:31:00,133,133
http://irail.be/vehicle/P8300,http://irail.be/stations/NMBS/008811270,P,2019-02-17T20:32:00,2019-02-17T20:32:00,112,112
http://irail.be/vehicle/P8300,http://irail.be/stations/NMBS/008811262,P,2019-02-17T20:34:00,2019-02-17T20:34:00,112,112
http://irail.be/vehicle/P8300,http://irail.be/stations/NMBS/008811254,P,2019-02-17T20:35:00,2019-02-17T20:35:00,112,112
http://irail.be/vehicle/P8300,http://irail.be/stations/NMBS/008811247,P,2019-02-17T20:36:00,2019-02-17T20:36:00,115,115
http://irail.be/vehicle/P8300,http://irail.be/stations/NMBS/008811221,P,2019-02-17T20:38:00,2019-02-17T20:38:00,74,74
http://irail.be/vehicle/P8300,http://irail.be/stations/NMBS/008811213,P,2019-02-17T20:39:00,2019-02-17T20:39:00,70,70
http://irail.be/vehicle/P8300,http://irail.be/stations/NMBS/008811130,P,2019-02-17T20:40:00,2019-02-17T20:40:00,35,35
http://irail.be/vehicle/P8300,http://irail.be/stations/NMBS/008811007,P,2019-02-17T20:41:00,2019-02-17T20:41:00,177,177
http://irail.be/vehicle/P8300,http://irail.be/stations/NMBS/008812005,P,2019-02-17T20:47:00,2019-02-17T20:45:00,190,205
http://irail.be/vehicle/P8300,http://irail.be/stations/NMBS/008813045,P,2019-02-17T20:49:00,2019-02-17T20:49:00,196,196
http://irail.be/vehicle/P8300,http://irail.be/stations/NMBS/008813003,P,2019-02-17T20:52:00,2019-02-17T20:51:00,309,283
http://irail.be/vehicle/P8300,http://irail.be/stations/NMBS/008813037,P,2019-02-17T20:53:00,2019-02-17T20:53:00,309,309
http://irail.be/vehicle/P8300,http://irail.be/stations/NMBS/008814001,P,2019-02-17T20:59:00,2019-02-17T20:56:00,290,322
http://irail.be/vehicle/P8300,http://irail.be/stations/NMBS/008895836,P,2019-02-17T21:12:00,2019-02-17T21:12:00,443,443
http://irail.be/vehicle/P8300,http://irail.be/stations/NMBS/008895802,P,2019-02-17T21:22:00,2019-02-17T21:16:00,571,423
http://irail.be/vehicle/P8300,http://irail.be/stations/NMBS/008895091,P,2019-02-17T21:25:00,2019-02-17T21:25:00,610,610
http://irail.be/vehicle/P8300,http://irail.be/stations/NMBS/008895000,P,2019-02-17T21:30:00,2019-02-17T21:30:00,522,522
http://irail.be/vehicle/P8300,http://irail.be/stations/NMBS/008895067,P,2019-02-17T21:35:00,2019-02-17T21:35:00,445,445
http://irail.be/vehicle/P8300,http://irail.be/stations/NMBS/008893583,P,2019-02-17T21:38:00,2019-02-17T21:38:00,240,240
http://irail.be/vehicle/P8300,http://irail.be/stations/NMBS/008893542,P,2019-02-17T21:42:00,2019-02-17T21:42:00,173,173
http://irail.be/vehicle/P8300,http://irail.be/stations/NMBS/008893559,P,2019-02-17T21:46:00,2019-02-17T21:46:00,-6,-6
http://irail.be/vehicle/P8300,http://irail.be/stations/NMBS/008893567,P,2019-02-17T21:49:00,2019-02-17T21:49:00,-54,-54
http://irail.be/vehicle/P8300,http://irail.be/stations/NMBS/008893039,P,2019-02-17T21:50:00,2019-02-17T21:50:00,38,38
http://irail.be/vehicle/P8300,http://irail.be/stations/NMBS/008893013,P,2019-02-17T21:52:00,2019-02-17T21:52:00,29,29
http://irail.be/vehicle/P8300,http://irail.be/stations/NMBS/008892007,P,2019-02-17T21:58:00,2019-02-17T21:58:00,,67
http://irail.be/vehicle/P8300,http://irail.be/stations/NMBS/008831005,P,2019-03-17T19:49:00,2019-03-17T19:49:00,619,
http://irail.be/vehicle/P8300,NO-URI,P,2019-03-17T19:52:00,2019-03-17T19:52:00,619,619
http://irail.be/vehicle/P8300,NO-URI,P,2019-03-17T19:57:00,2019-03-17T19:57:00,665,665
http://irail.be/vehicle/P8300,http://irail.be/stations/NMBS/008831088,P,2019-03-17T19:57:00,2019-03-17T19:57:00,665,665
http://irail.be/vehicle/P8300,http://irail.be/stations/NMBS/008831401,P,2019-03-17T20:06:00,2019-03-17T20:04:00,607,624
http://irail.be/vehicle/P8300,http://irail.be/stations/NMBS/008833274,P,2019-03-17T20:09:00,2019-03-17T20:09:00,607,607
http://irail.be/vehicle/P8300,http://irail.be/stations/NMBS/008833266,P,2019-03-17T20:12:00,2019-03-17T20:12:00,518,518
http://irail.be/vehicle/P8300,http://irail.be/stations/NMBS/008833258,P,2019-03-17T20:14:00,2019-03-17T20:14:00,525,525
http://irail.be/vehicle/P8300,http://irail.be/stations/NMBS/008833209,P,2019-03-17T20:20:00,2019-03-17T20:19:00,462,458
http://irail.be/vehicle/P8300,http://irail.be/stations/NMBS/008833233,P,2019-03-17T20:24:00,2019-03-17T20:24:00,462,462
http://irail.be/vehicle/P8300,http://irail.be/stations/NMBS/008811288,P,2019-03-17T20:31:00,2019-03-17T20:31:00,414,414
http://irail.be/vehicle/P8300,http://irail.be/stations/NMBS/008811270,P,2019-03-17T20:32:00,2019-03-17T20:32:00,390,390
http://irail.be/vehicle/P8300,http://irail.be/stations/NMBS/008811262,P,2019-03-17T20:34:00,2019-03-17T20:34:00,390,390
http://irail.be/vehicle/P8300,http://irail.be/stations/NMBS/008811254,P,2019-03-17T20:35:00,2019-03-17T20:35:00,390,390
http://irail.be/vehicle/P8300,http://irail.be/stations/NMBS/008811247,P,2019-03-17T20:36:00,2019-03-17T20:36:00,391,391
http://irail.be/vehicle/P8300,http://irail.be/stations/NMBS/008811221,P,2019-03-17T20:38:00,2019-03-17T20:38:00,346,346
http://irail.be/vehicle/P8300,http://irail.be/stations/NMBS/008811213,P,2019-03-17T20:39:00,2019-03-17T20:39:00,339,339
http://irail.be/vehicle/P8300,http://irail.be/stations/NMBS/008811130,P,2019-03-17T20:40:00,2019-03-17T20:40:00,302,302
http://irail.be/vehicle/P8300,http://irail.be/stations/NMBS/008811007,P,2019-03-17T20:41:00,2019-03-17T20:41:00,367,367
http://irail.be/vehicle/P8300,http://irail.be/stations/NMBS/008812005,P,2019-03-17T20:47:00,2019-03-17T20:45:00,324,385
http://irail.be/vehicle/P8300,http://irail.be/stations/NMBS/008813045,P,2019-03-17T20:49:00,2019-03-17T20:49:00,324,324
http://irail.be/vehicle/P8300,http://irail.be/stations/NMBS/008813003,P,2019-03-17T20:52:00,2019-03-17T20:51:00,333,309
http://irail.be/vehicle/P8300,http://irail.be/stations/NMBS/008813037,P,2019-03-17T20:53:00,2019-03-17T20:53:00,333,333
http://irail.be/vehicle/P8300,http://irail.be/stations/NMBS/008814001,P,2019-03-17T20:59:00,2019-03-17T20:56:00,240,327
http://irail.be/vehicle/P8300,http://irail.be/stations/NMBS/008892007,P,2019-03-17T21:28:00,2019-03-17T21:28:00,,143
http://irail.be/vehicle/P8300,http://irail.be/stations/NMBS/008831005,P,2019-03-31T19:49:00,2019-03-31T19:49:00,25,
http://irail.be/vehicle/P8300,NO-URI,P,2019-03-31T19:52:00,2019-03-31T19:52:00,25,25
http://irail.be/vehicle/P8300,NO-URI,P,2019-03-31T19:57:00,2019-03-31T19:57:00,69,69
http://irail.be/vehicle/P8300,http://irail.be/stations/NMBS/008831088,P,2019-03-31T19:57:00,2019-03-31T19:57:00,72,72
http://irail.be/vehicle/P8300,http://irail.be/stations/NMBS/008831401,P,2019-03-31T20:06:00,2019-03-31T20:04:00,58,33
http://irail.be/vehicle/P8300,http://irail.be/stations/NMBS/008833274,P,2019-03-31T20:10:00,2019-03-31T20:10:00,58,58
http://irail.be/vehicle/P8300,http://irail.be/stations/NMBS/008833266,P,2019-03-31T20:12:00,2019-03-31T20:12:00,-8,-8
http://irail.be/vehicle/P8300,http://irail.be/stations/NMBS/008833258,P,2019-03-31T20:15:00,2019-03-31T20:15:00,-25,-25
http://irail.be/vehicle/P8300,http://irail.be/stations/NMBS/008833209,P,2019-03-31T20:20:00,2019-03-31T20:19:00,69,-36
http://irail.be/vehicle/P8300,http://irail.be/stations/NMBS/008833233,P,2019-03-31T20:25:00,2019-03-31T20:25:00,69,69
http://irail.be/vehicle/P8300,http://irail.be/stations/NMBS/008811288,P,2019-03-31T20:31:00,2019-03-31T20:31:00,66,66
http://irail.be/vehicle/P8300,http://irail.be/stations/NMBS/008811270,P,2019-03-31T20:33:00,2019-03-31T20:33:00,47,47
http://irail.be/vehicle/P8300,http://irail.be/stations/NMBS/008811262,P,2019-03-31T20:34:00,2019-03-31T20:34:00,47,47
http://irail.be/vehicle/P8300,http://irail.be/stations/NMBS/008811254,P,2019-03-31T20:35:00,2019-03-31T20:35:00,47,47
http://irail.be/vehicle/P8300,http://irail.be/stations/NMBS/008811247,P,2019-03-31T20:36:00,2019-03-31T20:36:00,49,49
http://irail.be/vehicle/P8300,http://irail.be/stations/NMBS/008811221,P,2019-03-31T20:38:00,2019-03-31T20:38:00,6,6
http://irail.be/vehicle/P8300,http://irail.be/stations/NMBS/008811213,P,2019-03-31T20:39:00,2019-03-31T20:39:00,0,0
http://irail.be/vehicle/P8300,http://irail.be/stations/NMBS/008811130,P,2019-03-31T20:39:00,2019-03-31T20:39:00,24,24
http://irail.be/vehicle/P8300,http://irail.be/stations/NMBS/008811007,P,2019-03-31T20:41:00,2019-03-31T20:41:00,78,78
http://irail.be/vehicle/P8300,http://irail.be/stations/NMBS/008812005,P,2019-03-31T20:47:00,2019-03-31T20:45:00,10,52
http://irail.be/vehicle/P8300,http://irail.be/stations/NMBS/008813045,P,2019-03-31T20:49:00,2019-03-31T20:49:00,21,21
http://irail.be/vehicle/P8300,http://irail.be/stations/NMBS/008813003,P,2019-03-31T20:52:00,2019-03-31T20:51:00,13,10
http://irail.be/vehicle/P8300,http://irail.be/stations/NMBS/008813037,P,2019-03-31T20:54:00,2019-03-31T20:54:00,13,13
http://irail.be/vehicle/P8300,http://irail.be/stations/NMBS/008814001,P,2019-03-31T20:59:00,2019-03-31T20:56:00,60,19
http://irail.be/vehicle/P8300,http://irail.be/stations/NMBS/008892007,P,2019-03-31T21:28:00,2019-03-31T21:28:00,,-64
http://irail.be/vehicle/P8300,http://irail.be/stations/NMBS/008831005,P,2019-01-06T19:49:00,2019-01-06T19:49:00,9,
http://irail.be/vehicle/P8300,NO-URI,P,2019-01-06T19:52:00,2019-01-06T19:52:00,9,9
http://irail.be/vehicle/P8300,NO-URI,P,2019-01-06T19:57:00,2019-01-06T19:57:00,75,75
http://irail.be/vehicle/P8300,http://irail.be/stations/NMBS/008831088,P,2019-01-06T19:57:00,2019-01-06T19:57:00,80,80
http://irail.be/vehicle/P8300,http://irail.be/stations/NMBS/008831401,P,2019-01-06T20:06:00,2019-01-06T20:04:00,576,27
http://irail.be/vehicle/P8300,http://irail.be/stations/NMBS/008833274,P,2019-01-06T20:10:00,2019-01-06T20:10:00,576,576
http://irail.be/vehicle/P8300,http://irail.be/stations/NMBS/008833266,P,2019-01-06T20:12:00,2019-01-06T20:12:00,522,522
http://irail.be/vehicle/P8300,http://irail.be/stations/NMBS/008833258,P,2019-01-06T20:15:00,2019-01-06T20:15:00,506,506
http://irail.be/vehicle/P8300,http://irail.be/stations/NMBS/008833209,P,2019-01-06T20:20:00,2019-01-06T20:19:00,509,462
http://irail.be/vehicle/P8300,http://irail.be/stations/NMBS/008833233,P,2019-01-06T20:25:00,2019-01-06T20:25:00,509,509
http://irail.be/vehicle/P8300,http://irail.be/stations/NMBS/008811288,P,2019-01-06T20:31:00,2019-01-06T20:31:00,497,497
http://irail.be/vehicle/P8300,http://irail.be/stations/NMBS/008811270,P,2019-01-06T20:33:00,2019-01-06T20:33:00,476,476
http://irail.be/vehicle/P8300,http://irail.be/stations/NMBS/008811262,P,2019-01-06T20:34:00,2019-01-06T20:34:00,476,476
http://irail.be/vehicle/P8300,http://irail.be/stations/NMBS/008811254,P,2019-01-06T20:35:00,2019-01-06T20:35:00,476,476
http://irail.be/vehicle/P8300,http://irail.be/stations/NMBS/008811247,P,2019-01-06T20:36:00,2019-01-06T20:36:00,475,475
http://irail.be/vehicle/P8300,http://irail.be/stations/NMBS/008811221,P,2019-01-06T20:38:00,2019-01-06T20:38:00,432,432
http://irail.be/vehicle/P8300,http://irail.be/stations/NMBS/008811213,P,2019-01-06T20:39:00,2019-01-06T20:39:00,424,424
http://irail.be/vehicle/P8300,http://irail.be/stations/NMBS/008811130,P,2019-01-06T20:39:00,2019-01-06T20:39:00,441,441
http://irail.be/vehicle/P8300,http://irail.be/stations/NMBS/008811007,P,2019-01-06T20:41:00,2019-01-06T20:41:00,426,426
http://irail.be/vehicle/P8300,http://irail.be/stations/NMBS/008812005,P,2019-01-06T20:47:00,2019-01-06T20:45:00,390,422
http://irail.be/vehicle/P8300,http://irail.be/stations/NMBS/008813045,P,2019-01-06T20:49:00,2019-01-06T20:49:00,402,402
http://irail.be/vehicle/P8300,http://irail.be/stations/NMBS/008813003,P,2019-01-06T20:52:00,2019-01-06T20:51:00,455,455
http://irail.be/vehicle/P8300,http://irail.be/stations/NMBS/008813037,P,2019-01-06T20:54:00,2019-01-06T20:54:00,455,455
http://irail.be/vehicle/P8300,http://irail.be/stations/NMBS/008814001,P,2019-01-06T20:59:00,2019-01-06T20:56:00,550,484
http://irail.be/vehicle/P8300,http://irail.be/stations/NMBS/008892007,P,2019-01-06T21:28:00,2019-01-06T21:28:00,,489
http://irail.be/vehicle/P8300,http://irail.be/stations/NMBS/008831005,P,2019-02-03T19:43:00,2019-02-03T19:43:00,23,
http://irail.be/vehicle/P8300,http://irail.be/stations/NMBS/008831039,P,2019-02-03T19:49:00,2019-02-03T19:49:00,44,44
http://irail.be/vehicle/P8300,http://irail.be/stations/NMBS/008831807,P,2019-02-03T19:57:00,2019-02-03T19:57:00,681,681
http://irail.be/vehicle/P8300,http://irail.be/stations/NMBS/008833605,P,2019-02-03T20:06:00,2019-02-03T20:06:00,966,966
http://irail.be/vehicle/P8300,http://irail.be/stations/NMBS/008833670,P,2019-02-03T20:08:00,2019-02-03T20:08:00,1012,1012
http://irail.be/vehicle/P8300,http://irail.be/stations/NMBS/008833449,P,2019-02-03T20:10:00,2019-02-03T20:10:00,1012,1012
http://irail.be/vehicle/P8300,http://irail.be/stations/NMBS/008833308,P,2019-02-03T20:15:00,2019-02-03T20:15:00,901,901
http://irail.be/vehicle/P8300,http://irail.be/stations/NMBS/008833050,P,2019-02-03T20:21:00,2019-02-03T20:21:00,743,743
http://irail.be/vehicle/P8300,http://irail.be/stations/NMBS/008833001,P,2019-02-03T20:27:00,2019-02-03T20:27:00,692,692
http://irail.be/vehicle/P8300,http://irail.be/stations/NMBS/008811288,P,2019-02-03T20:31:00,2019-02-03T20:31:00,608,571
http://irail.be/vehicle/P8300,http://irail.be/stations/NMBS/008811270,P,2019-02-03T20:33:00,2019-02-03T20:33:00,578,578
http://irail.be/vehicle/P8300,http://irail.be/stations/NMBS/008811262,P,2019-02-03T20:34:00,2019-02-03T20:34:00,578,578
http://irail.be/vehicle/P8300,http://irail.be/stations/NMBS/008811254,P,2019-02-03T20:35:00,2019-02-03T20:35:00,578,578
http://irail.be/vehicle/P8300,http://irail.be/stations/NMBS/008811247,P,2019-02-03T20:36:00,2019-02-03T20:36:00,576,576
http://irail.be/vehicle/P8300,http://irail.be/stations/NMBS/008811221,P,2019-02-03T20:38:00,2019-02-03T20:38:00,531,531
http://irail.be/vehicle/P8300,http://irail.be/stations/NMBS/008811213,P,2019-02-03T20:39:00,2019-02-03T20:39:00,526,526
http://irail.be/vehicle/P8300,http://irail.be/stations/NMBS/008811130,P,2019-02-03T20:40:00,2019-02-03T20:40:00,499,499
http://irail.be/vehicle/P8300,http://irail.be/stations/NMBS/008811007,P,2019-02-03T20:41:00,2019-02-03T20:41:00,648,648
http://irail.be/vehicle/P8300,http://irail.be/stations/NMBS/008812005,P,2019-02-03T20:47:00,2019-02-03T20:45:00,998,619
http://irail.be/vehicle/P8300,http://irail.be/stations/NMBS/008813045,P,2019-02-03T20:49:00,2019-02-03T20:49:00,1000,1000
http://irail.be/vehicle/P8300,http://irail.be/stations/NMBS/008813003,P,2019-02-03T20:52:00,2019-02-03T20:51:00,1024,1020
http://irail.be/vehicle/P8300,http://irail.be/stations/NMBS/008813037,P,2019-02-03T20:53:00,2019-02-03T20:53:00,1033,1033
http://irail.be/vehicle/P8300,http://irail.be/stations/NMBS/008814001,P,2019-02-03T20:59:00,2019-02-03T20:56:00,981,1101
http://irail.be/vehicle/P8300,http://irail.be/stations/NMBS/008895836,P,2019-02-03T21:12:00,2019-02-03T21:12:00,904,904
http://irail.be/vehicle/P8300,http://irail.be/stations/NMBS/008895802,P,2019-02-03T21:22:00,2019-02-03T21:16:00,485,845
http://irail.be/vehicle/P8300,http://irail.be/stations/NMBS/008895091,P,2019-02-03T21:25:00,2019-02-03T21:25:00,509,509
http://irail.be/vehicle/P8300,http://irail.be/stations/NMBS/008895000,P,2019-02-03T21:30:00,2019-02-03T21:30:00,400,400
http://irail.be/vehicle/P8300,http://irail.be/stations/NMBS/008895067,P,2019-02-03T21:35:00,2019-02-03T21:35:00,461,461
http://irail.be/vehicle/P8300,http://irail.be/stations/NMBS/008893583,P,2019-02-03T21:38:00,2019-02-03T21:38:00,540,540
http://irail.be/vehicle/P8300,http://irail.be/stations/NMBS/008893542,P,2019-02-03T21:42:00,2019-02-03T21:42:00,783,783
http://irail.be/vehicle/P8300,http://irail.be/stations/NMBS/008893559,P,2019-02-03T21:46:00,2019-02-03T21:46:00,875,875
http://irail.be/vehicle/P8300,http://irail.be/stations/NMBS/008893567,P,2019-02-03T21:49:00,2019-02-03T21:49:00,866,866
http://irail.be/vehicle/P8300,http://irail.be/stations/NMBS/008893039,P,2019-02-03T21:50:00,2019-02-03T21:50:00,835,835
http://irail.be/vehicle/P8300,http://irail.be/stations/NMBS/008893013,P,2019-02-03T21:52:00,2019-02-03T21:52:00,823,823
http://irail.be/vehicle/P8300,http://irail.be/stations/NMBS/008892007,P,2019-02-03T21:58:00,2019-02-03T21:58:00,,863
http://irail.be/vehicle/P8300,http://irail.be/stations/NMBS/008831005,P,2019-05-05T19:49:00,2019-05-05T19:49:00,37,
http://irail.be/vehicle/P8300,NO-URI,P,2019-05-05T19:52:00,2019-05-05T19:52:00,37,37
http://irail.be/vehicle/P8300,NO-URI,P,2019-05-05T19:57:00,2019-05-05T19:57:00,75,75
http://irail.be/vehicle/P8300,http://irail.be/stations/NMBS/008831088,P,2019-05-05T19:57:00,2019-05-05T19:57:00,77,77
http://irail.be/vehicle/P8300,http://irail.be/stations/NMBS/008831401,P,2019-05-05T20:06:00,2019-05-05T20:04:00,93,37
http://irail.be/vehicle/P8300,http://irail.be/stations/NMBS/008833274,P,2019-05-05T20:09:00,2019-05-05T20:09:00,93,93
http://irail.be/vehicle/P8300,http://irail.be/stations/NMBS/008833266,P,2019-05-05T20:12:00,2019-05-05T20:12:00,69,69
http://irail.be/vehicle/P8300,http://irail.be/stations/NMBS/008833258,P,2019-05-05T20:14:00,2019-05-05T20:14:00,80,80
http://irail.be/vehicle/P8300,http://irail.be/stations/NMBS/008833209,P,2019-05-05T20:20:00,2019-05-05T20:19:00,43,7
http://irail.be/vehicle/P8300,http://irail.be/stations/NMBS/008833233,P,2019-05-05T20:24:00,2019-05-05T20:24:00,43,43
http://irail.be/vehicle/P8300,http://irail.be/stations/NMBS/008811288,P,2019-05-05T20:31:00,2019-05-05T20:31:00,22,22
http://irail.be/vehicle/P8300,http://irail.be/stations/NMBS/008811270,P,2019-05-05T20:32:00,2019-05-05T20:32:00,14,14
http://irail.be/vehicle/P8300,http://irail.be/stations/NMBS/008811262,P,2019-05-05T20:34:00,2019-05-05T20:34:00,14,14
http://irail.be/vehicle/P8300,http://irail.be/stations/NMBS/008811254,P,2019-05-05T20:35:00,2019-05-05T20:35:00,14,14
http://irail.be/vehicle/P8300,http://irail.be/stations/NMBS/008811247,P,2019-05-05T20:36:00,2019-05-05T20:36:00,25,25
http://irail.be/vehicle/P8300,http://irail.be/stations/NMBS/008811221,P,2019-05-05T20:38:00,2019-05-05T20:38:00,-16,-16
http://irail.be/vehicle/P8300,http://irail.be/stations/NMBS/008811213,P,2019-05-05T20:39:00,2019-05-05T20:39:00,-20,-20
http://irail.be/vehicle/P8300,http://irail.be/stations/NMBS/008811130,P,2019-05-05T20:40:00,2019-05-05T20:40:00,-59,-59
http://irail.be/vehicle/P8300,http://irail.be/stations/NMBS/008811007,P,2019-05-05T20:41:00,2019-05-05T20:41:00,-4,-4
http://irail.be/vehicle/P8300,http://irail.be/stations/NMBS/008812005,P,2019-05-05T20:47:00,2019-05-05T20:45:00,24,-10
http://irail.be/vehicle/P8300,http://irail.be/stations/NMBS/008813045,P,2019-05-05T20:49:00,2019-05-05T20:49:00,33,33
http://irail.be/vehicle/P8300,http://irail.be/stations/NMBS/008813003,P,2019-05-05T20:52:00,2019-05-05T20:51:00,55,18
http://irail.be/vehicle/P8300,http://irail.be/stations/NMBS/008813037,P,2019-05-05T20:53:00,2019-05-05T20:53:00,55,55
http://irail.be/vehicle/P8300,http://irail.be/stations/NMBS/008814001,P,2019-05-05T20:59:00,2019-05-05T20:56:00,30,60
http://irail.be/vehicle/P8300,http://irail.be/stations/NMBS/008892007,P,2019-05-05T21:28:00,2019-05-05T21:28:00,,-30
http://irail.be/vehicle/P8300,http://irail.be/stations/NMBS/008831005,P,2019-03-03T19:49:00,2019-03-03T19:49:00,236,
http://irail.be/vehicle/P8300,NO-URI,P,2019-03-03T19:52:00,2019-03-03T19:52:00,236,236
http://irail.be/vehicle/P8300,NO-URI,P,2019-03-03T19:57:00,2019-03-03T19:57:00,249,249
http://irail.be/vehicle/P8300,http://irail.be/stations/NMBS/008831088,P,2019-03-03T19:57:00,2019-03-03T19:57:00,252,252
http://irail.be/vehicle/P8300,http://irail.be/stations/NMBS/008831401,P,2019-03-03T20:06:00,2019-03-03T20:04:00,171,199
http://irail.be/vehicle/P8300,http://irail.be/stations/NMBS/008833274,P,2019-03-03T20:10:00,2019-03-03T20:10:00,171,171
http://irail.be/vehicle/P8300,http://irail.be/stations/NMBS/008833266,P,2019-03-03T20:12:00,2019-03-03T20:12:00,101,101
http://irail.be/vehicle/P8300,http://irail.be/stations/NMBS/008833258,P,2019-03-03T20:15:00,2019-03-03T20:15:00,87,87
http://irail.be/vehicle/P8300,http://irail.be/stations/NMBS/008833209,P,2019-03-03T20:20:00,2019-03-03T20:19:00,70,60
http://irail.be/vehicle/P8300,http://irail.be/stations/NMBS/008833233,P,2019-03-03T20:25:00,2019-03-03T20:25:00,70,70
http://irail.be/vehicle/P8300,http://irail.be/stations/NMBS/008811288,P,2019-03-03T20:31:00,2019-03-03T20:31:00,117,117
http://irail.be/vehicle/P8300,http://irail.be/stations/NMBS/008811270,P,2019-03-03T20:33:00,2019-03-03T20:33:00,103,103
http://irail.be/vehicle/P8300,http://irail.be/stations/NMBS/008811262,P,2019-03-03T20:34:00,2019-03-03T20:34:00,103,103
http://irail.be/vehicle/P8300,http://irail.be/stations/NMBS/008811254,P,2019-03-03T20:35:00,2019-03-03T20:35:00,103,103
http://irail.be/vehicle/P8300,http://irail.be/stations/NMBS/008811247,P,2019-03-03T20:36:00,2019-03-03T20:36:00,106,106
http://irail.be/vehicle/P8300,http://irail.be/stations/NMBS/008811221,P,2019-03-03T20:38:00,2019-03-03T20:38:00,63,63
http://irail.be/vehicle/P8300,http://irail.be/stations/NMBS/008811213,P,2019-03-03T20:39:00,2019-03-03T20:39:00,55,55
http://irail.be/vehicle/P8300,http://irail.be/stations/NMBS/008811130,P,2019-03-03T20:39:00,2019-03-03T20:39:00,77,77
http://irail.be/vehicle/P8300,http://irail.be/stations/NMBS/008811007,P,2019-03-03T20:41:00,2019-03-03T20:41:00,62,62
http://irail.be/vehicle/P8300,http://irail.be/stations/NMBS/008812005,P,2019-03-03T20:47:00,2019-03-03T20:45:00,53,61
http://irail.be/vehicle/P8300,http://irail.be/stations/NMBS/008813045,P,2019-03-03T20:49:00,2019-03-03T20:49:00,55,55
http://irail.be/vehicle/P8300,http://irail.be/stations/NMBS/008813003,P,2019-03-03T20:52:00,2019-03-03T20:51:00,44,42
http://irail.be/vehicle/P8300,http://irail.be/stations/NMBS/008813037,P,2019-03-03T20:54:00,2019-03-03T20:54:00,44,44
http://irail.be/vehicle/P8300,http://irail.be/stations/NMBS/008814001,P,2019-03-03T20:59:00,2019-03-03T20:56:00,22,58
http://irail.be/vehicle/P8300,http://irail.be/stations/NMBS/008892007,P,2019-03-03T21:28:00,2019-03-03T21:28:00,,24
http://irail.be/vehicle/P8300,http://irail.be/stations/NMBS/008831005,P,2019-05-26T19:49:00,2019-05-26T19:49:00,-17,
http://irail.be/vehicle/P8300,NO-URI,P,2019-05-26T19:52:00,2019-05-26T19:52:00,-17,-17
http://irail.be/vehicle/P8300,NO-URI,P,2019-05-26T19:57:00,2019-05-26T19:57:00,22,22
http://irail.be/vehicle/P8300,http://irail.be/stations/NMBS/008831088,P,2019-05-26T19:57:00,2019-05-26T19:57:00,24,24
http://irail.be/vehicle/P8300,http://irail.be/stations/NMBS/008831401,P,2019-05-26T20:06:00,2019-05-26T20:04:00,50,23
http://irail.be/vehicle/P8300,http://irail.be/stations/NMBS/008833274,P,2019-05-26T20:09:00,2019-05-26T20:09:00,50,50
http://irail.be/vehicle/P8300,http://irail.be/stations/NMBS/008833266,P,2019-05-26T20:12:00,2019-05-26T20:12:00,-30,-30
http://irail.be/vehicle/P8300,http://irail.be/stations/NMBS/008833258,P,2019-05-26T20:14:00,2019-05-26T20:14:00,-16,-16
http://irail.be/vehicle/P8300,http://irail.be/stations/NMBS/008833209,P,2019-05-26T20:20:00,2019-05-26T20:19:00,42,-22
http://irail.be/vehicle/P8300,http://irail.be/stations/NMBS/008833233,P,2019-05-26T20:24:00,2019-05-26T20:24:00,42,42
http://irail.be/vehicle/P8300,http://irail.be/stations/NMBS/008811288,P,2019-05-26T20:31:00,2019-05-26T20:31:00,52,52
http://irail.be/vehicle/P8300,http://irail.be/stations/NMBS/008811270,P,2019-05-26T20:32:00,2019-05-26T20:32:00,24,24
http://irail.be/vehicle/P8300,http://irail.be/stations/NMBS/008811262,P,2019-05-26T20:34:00,2019-05-26T20:34:00,24,24
http://irail.be/vehicle/P8300,http://irail.be/stations/NMBS/008811254,P,2019-05-26T20:35:00,2019-05-26T20:35:00,24,24
http://irail.be/vehicle/P8300,http://irail.be/stations/NMBS/008811247,P,2019-05-26T20:36:00,2019-05-26T20:36:00,24,24
http://irail.be/vehicle/P8300,http://irail.be/stations/NMBS/008811221,P,2019-05-26T20:38:00,2019-05-26T20:38:00,-20,-20
http://irail.be/vehicle/P8300,http://irail.be/stations/NMBS/008811213,P,2019-05-26T20:39:00,2019-05-26T20:39:00,-28,-28
http://irail.be/vehicle/P8300,http://irail.be/stations/NMBS/008811130,P,2019-05-26T20:40:00,2019-05-26T20:40:00,-61,-61
http://irail.be/vehicle/P8300,http://irail.be/stations/NMBS/008811007,P,2019-05-26T20:41:00,2019-05-26T20:41:00,125,125
http://irail.be/vehicle/P8300,http://irail.be/stations/NMBS/008812005,P,2019-05-26T20:47:00,2019-05-26T20:45:00,210,225
http://irail.be/vehicle/P8300,http://irail.be/stations/NMBS/008813045,P,2019-05-26T20:49:00,2019-05-26T20:49:00,217,217
http://irail.be/vehicle/P8300,http://irail.be/stations/NMBS/008813003,P,2019-05-26T20:52:00,2019-05-26T20:51:00,362,336
http://irail.be/vehicle/P8300,http://irail.be/stations/NMBS/008813037,P,2019-05-26T20:53:00,2019-05-26T20:53:00,362,362
http://irail.be/vehicle/P8300,http://irail.be/stations/NMBS/008814001,P,2019-05-26T20:59:00,2019-05-26T20:56:00,538,365
http://irail.be/vehicle/P8300,http://irail.be/stations/NMBS/008892007,P,2019-05-26T21:28:00,2019-05-26T21:28:00,,542
http://irail.be/vehicle/P8300,http://irail.be/stations/NMBS/008831005,P,2019-06-10T19:49:00,2019-06-10T19:49:00,-53,
http://irail.be/vehicle/P8300,NO-URI,P,2019-06-10T19:52:00,2019-06-10T19:52:00,-53,-53
http://irail.be/vehicle/P8300,NO-URI,P,2019-06-10T19:57:00,2019-06-10T19:57:00,58,58
http://irail.be/vehicle/P8300,http://irail.be/stations/NMBS/008831088,P,2019-06-10T19:57:00,2019-06-10T19:57:00,63,63
http://irail.be/vehicle/P8300,http://irail.be/stations/NMBS/008831401,P,2019-06-10T20:06:00,2019-06-10T20:04:00,38,57
http://irail.be/vehicle/P8300,http://irail.be/stations/NMBS/008833274,P,2019-06-10T20:10:00,2019-06-10T20:10:00,38,38
http://irail.be/vehicle/P8300,http://irail.be/stations/NMBS/008833266,P,2019-06-10T20:12:00,2019-06-10T20:12:00,2,2
http://irail.be/vehicle/P8300,http://irail.be/stations/NMBS/008833258,P,2019-06-10T20:15:00,2019-06-10T20:15:00,-14,-14
http://irail.be/vehicle/P8300,http://irail.be/stations/NMBS/008833209,P,2019-06-10T20:20:00,2019-06-10T20:19:00,196,122
http://irail.be/vehicle/P8300,http://irail.be/stations/NMBS/008833233,P,2019-06-10T20:25:00,2019-06-10T20:25:00,196,196
http://irail.be/vehicle/P8300,http://irail.be/stations/NMBS/008811288,P,2019-06-10T20:31:00,2019-06-10T20:31:00,208,208
http://irail.be/vehicle/P8300,http://irail.be/stations/NMBS/008811270,P,2019-06-10T20:33:00,2019-06-10T20:33:00,196,196
http://irail.be/vehicle/P8300,http://irail.be/stations/NMBS/008811262,P,2019-06-10T20:34:00,2019-06-10T20:34:00,196,196
http://irail.be/vehicle/P8300,http://irail.be/stations/NMBS/008811254,P,2019-06-10T20:35:00,2019-06-10T20:35:00,196,196
http://irail.be/vehicle/P8300,http://irail.be/stations/NMBS/008811247,P,2019-06-10T20:36:00,2019-06-10T20:36:00,200,200
http://irail.be/vehicle/P8300,http://irail.be/stations/NMBS/008811221,P,2019-06-10T20:38:00,2019-06-10T20:38:00,157,157
http://irail.be/vehicle/P8300,http://irail.be/stations/NMBS/008811213,P,2019-06-10T20:39:00,2019-06-10T20:39:00,151,151
http://irail.be/vehicle/P8300,http://irail.be/stations/NMBS/008811130,P,2019-06-10T20:39:00,2019-06-10T20:39:00,175,175
http://irail.be/vehicle/P8300,http://irail.be/stations/NMBS/008811007,P,2019-06-10T20:41:00,2019-06-10T20:41:00,182,182
http://irail.be/vehicle/P8300,http://irail.be/stations/NMBS/008812005,P,2019-06-10T20:47:00,2019-06-10T20:45:00,233,223
http://irail.be/vehicle/P8300,http://irail.be/stations/NMBS/008813045,P,2019-06-10T20:49:00,2019-06-10T20:49:00,270,270
http://irail.be/vehicle/P8300,http://irail.be/stations/NMBS/008813003,P,2019-06-10T20:52:00,2019-06-10T20:51:00,254,257
http://irail.be/vehicle/P8300,http://irail.be/stations/NMBS/008813037,P,2019-06-10T20:54:00,2019-06-10T20:54:00,254,254
http://irail.be/vehicle/P8300,http://irail.be/stations/NMBS/008814001,P,2019-06-10T20:59:00,2019-06-10T20:56:00,326,275
http://irail.be/vehicle/P8300,http://irail.be/stations/NMBS/008892007,P,2019-06-10T21:28:00,2019-06-10T21:28:00,,329
http://irail.be/vehicle/P8300,http://irail.be/stations/NMBS/008831005,P,2019-01-27T19:49:00,2019-01-27T19:49:00,-36,
http://irail.be/vehicle/P8300,NO-URI,P,2019-01-27T19:52:00,2019-01-27T19:52:00,-36,-36
http://irail.be/vehicle/P8300,NO-URI,P,2019-01-27T19:57:00,2019-01-27T19:57:00,24,24
http://irail.be/vehicle/P8300,http://irail.be/stations/NMBS/008831088,P,2019-01-27T19:57:00,2019-01-27T19:57:00,30,30
http://irail.be/vehicle/P8300,http://irail.be/stations/NMBS/008831401,P,2019-01-27T20:06:00,2019-01-27T20:04:00,63,-18
http://irail.be/vehicle/P8300,http://irail.be/stations/NMBS/008833274,P,2019-01-27T20:09:00,2019-01-27T20:09:00,63,63
http://irail.be/vehicle/P8300,http://irail.be/stations/NMBS/008833266,P,2019-01-27T20:12:00,2019-01-27T20:12:00,580,580
http://irail.be/vehicle/P8300,http://irail.be/stations/NMBS/008833258,P,2019-01-27T20:14:00,2019-01-27T20:14:00,983,983
http://irail.be/vehicle/P8300,http://irail.be/stations/NMBS/008833209,P,2019-01-27T20:20:00,2019-01-27T20:19:00,8160,2677
http://irail.be/vehicle/P8300,http://irail.be/stations/NMBS/008833233,P,2019-01-27T20:24:00,2019-01-27T20:24:00,8160,8160
http://irail.be/vehicle/P8300,http://irail.be/stations/NMBS/008811288,P,2019-01-27T20:31:00,2019-01-27T20:31:00,9863,9863
http://irail.be/vehicle/P8300,http://irail.be/stations/NMBS/008811270,P,2019-01-27T20:32:00,2019-01-27T20:32:00,9861,9861
http://irail.be/vehicle/P8300,http://irail.be/stations/NMBS/008811262,P,2019-01-27T20:34:00,2019-01-27T20:34:00,9861,9861
http://irail.be/vehicle/P8300,http://irail.be/stations/NMBS/008811254,P,2019-01-27T20:35:00,2019-01-27T20:35:00,9861,9861
http://irail.be/vehicle/P8300,http://irail.be/stations/NMBS/008811247,P,2019-01-27T20:36:00,2019-01-27T20:36:00,9866,9866
http://irail.be/vehicle/P8300,http://irail.be/stations/NMBS/008811221,P,2019-01-27T20:38:00,2019-01-27T20:38:00,9825,9825
http://irail.be/vehicle/P8300,http://irail.be/stations/NMBS/008811213,P,2019-01-27T20:39:00,2019-01-27T20:39:00,9821,9821
http://irail.be/vehicle/P8300,http://irail.be/stations/NMBS/008811130,P,2019-01-27T20:40:00,2019-01-27T20:40:00,9780,9780
http://irail.be/vehicle/P8300,http://irail.be/stations/NMBS/008811007,P,2019-01-27T20:41:00,2019-01-27T20:41:00,9832,9832
http://irail.be/vehicle/P8300,http://irail.be/stations/NMBS/008812005,P,2019-01-27T20:47:00,2019-01-27T20:45:00,9727,9810
http://irail.be/vehicle/P8300,http://irail.be/stations/NMBS/008813045,P,2019-01-27T20:49:00,2019-01-27T20:49:00,9733,9733
http://irail.be/vehicle/P8300,http://irail.be/stations/NMBS/008813003,P,2019-01-27T20:52:00,2019-01-27T20:51:00,9730,9722
http://irail.be/vehicle/P8300,http://irail.be/stations/NMBS/008813037,P,2019-01-27T20:53:00,2019-01-27T20:53:00,9730,9730
http://irail.be/vehicle/P8300,http://irail.be/stations/NMBS/008814001,P,2019-01-27T20:59:00,2019-01-27T20:56:00,9623,9731
http://irail.be/vehicle/P8300,http://irail.be/stations/NMBS/008892007,P,2019-01-27T21:28:00,2019-01-27T21:28:00,,9541
http://irail.be/vehicle/P8300,http://irail.be/stations/NMBS/008831005,P,2019-06-16T19:49:00,2019-06-16T19:49:00,-54,
http://irail.be/vehicle/P8300,NO-URI,P,2019-06-16T19:52:00,2019-06-16T19:52:00,-54,-54
http://irail.be/vehicle/P8300,NO-URI,P,2019-06-16T19:57:00,2019-06-16T19:57:00,-23,-23
http://irail.be/vehicle/P8300,http://irail.be/stations/NMBS/008831088,P,2019-06-16T19:57:00,2019-06-16T19:57:00,-20,-20
http://irail.be/vehicle/P8300,http://irail.be/stations/NMBS/008831401,P,2019-06-16T20:06:00,2019-06-16T20:04:00,46,-77
http://irail.be/vehicle/P8300,http://irail.be/stations/NMBS/008833274,P,2019-06-16T20:10:00,2019-06-16T20:10:00,46,46
http://irail.be/vehicle/P8300,http://irail.be/stations/NMBS/008833266,P,2019-06-16T20:12:00,2019-06-16T20:12:00,-25,-25
http://irail.be/vehicle/P8300,http://irail.be/stations/NMBS/008833258,P,2019-06-16T20:15:00,2019-06-16T20:15:00,-41,-41
http://irail.be/vehicle/P8300,http://irail.be/stations/NMBS/008833209,P,2019-06-16T20:20:00,2019-06-16T20:19:00,11,-63
http://irail.be/vehicle/P8300,http://irail.be/stations/NMBS/008833233,P,2019-06-16T20:25:00,2019-06-16T20:25:00,11,11
http://irail.be/vehicle/P8300,http://irail.be/stations/NMBS/008811288,P,2019-06-16T20:31:00,2019-06-16T20:31:00,-7,-7
http://irail.be/vehicle/P8300,http://irail.be/stations/NMBS/008811270,P,2019-06-16T20:33:00,2019-06-16T20:33:00,-31,-31
http://irail.be/vehicle/P8300,http://irail.be/stations/NMBS/008811262,P,2019-06-16T20:34:00,2019-06-16T20:34:00,-31,-31
http://irail.be/vehicle/P8300,http://irail.be/stations/NMBS/008811254,P,2019-06-16T20:35:00,2019-06-16T20:35:00,-31,-31
http://irail.be/vehicle/P8300,http://irail.be/stations/NMBS/008811247,P,2019-06-16T20:36:00,2019-06-16T20:36:00,-32,-32
http://irail.be/vehicle/P8300,http://irail.be/stations/NMBS/008811221,P,2019-06-16T20:38:00,2019-06-16T20:38:00,-75,-75
http://irail.be/vehicle/P8300,http://irail.be/stations/NMBS/008811213,P,2019-06-16T20:39:00,2019-06-16T20:39:00,-83,-83
http://irail.be/vehicle/P8300,http://irail.be/stations/NMBS/008811130,P,2019-06-16T20:39:00,2019-06-16T20:39:00,-60,-60
http://irail.be/vehicle/P8300,http://irail.be/stations/NMBS/008811007,P,2019-06-16T20:41:00,2019-06-16T20:41:00,49,49
http://irail.be/vehicle/P8300,http://irail.be/stations/NMBS/008812005,P,2019-06-16T20:47:00,2019-06-16T20:45:00,-7,40
http://irail.be/vehicle/P8300,http://irail.be/stations/NMBS/008813045,P,2019-06-16T20:49:00,2019-06-16T20:49:00,-9,-9
http://irail.be/vehicle/P8300,http://irail.be/stations/NMBS/008813003,P,2019-06-16T20:52:00,2019-06-16T20:51:00,17,-25
http://irail.be/vehicle/P8300,http://irail.be/stations/NMBS/008813037,P,2019-06-16T20:54:00,2019-06-16T20:54:00,17,17
http://irail.be/vehicle/P8300,http://irail.be/stations/NMBS/008814001,P,2019-06-16T20:59:00,2019-06-16T20:56:00,73,60
http://irail.be/vehicle/P8300,http://irail.be/stations/NMBS/008892007,P,2019-06-16T21:28:00,2019-06-16T21:28:00,,23
http://irail.be/vehicle/P8300,http://irail.be/stations/NMBS/008831005,P,2019-04-22T19:45:00,2019-04-22T19:45:00,1220,
http://irail.be/vehicle/P8300,NO-URI,P,2019-04-22T19:48:00,2019-04-22T19:48:00,1220,1220
http://irail.be/vehicle/P8300,NO-URI,P,2019-04-22T19:53:00,2019-04-22T19:53:00,1264,1264
http://irail.be/vehicle/P8300,http://irail.be/stations/NMBS/008831088,P,2019-04-22T19:53:00,2019-04-22T19:53:00,1266,1266
http://irail.be/vehicle/P8300,http://irail.be/stations/NMBS/008831401,P,2019-04-22T20:02:00,2019-04-22T20:00:00,1169,1214
http://irail.be/vehicle/P8300,http://irail.be/stations/NMBS/008833274,P,2019-04-22T20:06:00,2019-04-22T20:06:00,1169,1169
http://irail.be/vehicle/P8300,http://irail.be/stations/NMBS/008833266,P,2019-04-22T20:08:00,2019-04-22T20:08:00,1095,1095
http://irail.be/vehicle/P8300,http://irail.be/stations/NMBS/008833258,P,2019-04-22T20:11:00,2019-04-22T20:11:00,1073,1073
http://irail.be/vehicle/P8300,http://irail.be/stations/NMBS/008833209,P,2019-04-22T20:16:00,2019-04-22T20:15:00,1027,1030
http://irail.be/vehicle/P8300,http://irail.be/stations/NMBS/008833233,P,2019-04-22T20:21:00,2019-04-22T20:21:00,1027,1027
http://irail.be/vehicle/P8300,http://irail.be/stations/NMBS/008811288,P,2019-04-22T20:27:00,2019-04-22T20:27:00,1169,1169
http://irail.be/vehicle/P8300,http://irail.be/stations/NMBS/008811270,P,2019-04-22T20:28:00,2019-04-22T20:28:00,1154,1154
http://irail.be/vehicle/P8300,http://irail.be/stations/NMBS/008811262,P,2019-04-22T20:29:00,2019-04-22T20:29:00,1154,1154
http://irail.be/vehicle/P8300,NO-URI,P,2019-04-22T20:30:08,2019-04-22T20:30:08,1190,1190
http://irail.be/vehicle/P8300,http://irail.be/stations/NMBS/008811254,P,2019-04-22T20:30:00,2019-04-22T20:30:00,1217,1217
http://irail.be/vehicle/P8300,http://irail.be/stations/NMBS/008811247,P,2019-04-22T20:32:00,2019-04-22T20:32:00,1198,1198
http://irail.be/vehicle/P8300,http://irail.be/stations/NMBS/008819406,P,2019-04-22T20:35:00,2019-04-22T20:35:00,1233,1233
http://irail.be/vehicle/P8300,http://irail.be/stations/NMBS/008811007,P,2019-04-22T20:42:00,2019-04-22T20:42:00,1280,1280
http://irail.be/vehicle/P8300,http://irail.be/stations/NMBS/008812005,P,2019-04-22T20:47:00,2019-04-22T20:45:00,1246,1285
http://irail.be/vehicle/P8300,http://irail.be/stations/NMBS/008813045,P,2019-04-22T20:49:00,2019-04-22T20:49:00,1250,1250
http://irail.be/vehicle/P8300,http://irail.be/stations/NMBS/008813003,P,2019-04-22T20:52:00,2019-04-22T20:51:00,1244,1229
http://irail.be/vehicle/P8300,http://irail.be/stations/NMBS/008813037,P,2019-04-22T20:54:00,2019-04-22T20:54:00,1244,1244
http://irail.be/vehicle/P8300,http://irail.be/stations/NMBS/008814001,P,2019-04-22T20:59:00,2019-04-22T20:56:00,1201,1275
http://irail.be/vehicle/P8300,http://irail.be/stations/NMBS/008892007,P,2019-04-22T21:28:00,2019-04-22T21:28:00,,1125
http://irail.be/vehicle/P8300,http://irail.be/stations/NMBS/008831005,P,2019-05-12T19:49:00,2019-05-12T19:49:00,42,
http://irail.be/vehicle/P8300,NO-URI,P,2019-05-12T19:52:00,2019-05-12T19:52:00,42,42
http://irail.be/vehicle/P8300,NO-URI,P,2019-05-12T19:57:00,2019-05-12T19:57:00,112,112
http://irail.be/vehicle/P8300,http://irail.be/stations/NMBS/008831088,P,2019-05-12T19:57:00,2019-05-12T19:57:00,114,114
http://irail.be/vehicle/P8300,http://irail.be/stations/NMBS/008831401,P,2019-05-12T20:06:00,2019-05-12T20:04:00,15,61
http://irail.be/vehicle/P8300,http://irail.be/stations/NMBS/008833274,P,2019-05-12T20:10:00,2019-05-12T20:10:00,15,15
http://irail.be/vehicle/P8300,http://irail.be/stations/NMBS/008833266,P,2019-05-12T20:12:00,2019-05-12T20:12:00,-8,-8
http://irail.be/vehicle/P8300,http://irail.be/stations/NMBS/008833258,P,2019-05-12T20:15:00,2019-05-12T20:15:00,-23,-23
http://irail.be/vehicle/P8300,http://irail.be/stations/NMBS/008833209,P,2019-05-12T20:20:00,2019-05-12T20:19:00,24,-32
http://irail.be/vehicle/P8300,http://irail.be/stations/NMBS/008833233,P,2019-05-12T20:25:00,2019-05-12T20:25:00,24,24
http://irail.be/vehicle/P8300,http://irail.be/stations/NMBS/008811288,P,2019-05-12T20:31:00,2019-05-12T20:31:00,105,105
http://irail.be/vehicle/P8300,http://irail.be/stations/NMBS/008811270,P,2019-05-12T20:33:00,2019-05-12T20:33:00,79,79
http://irail.be/vehicle/P8300,http://irail.be/stations/NMBS/008811262,P,2019-05-12T20:34:00,2019-05-12T20:34:00,79,79
http://irail.be/vehicle/P8300,http://irail.be/stations/NMBS/008811254,P,2019-05-12T20:35:00,2019-05-12T20:35:00,79,79
http://irail.be/vehicle/P8300,http://irail.be/stations/NMBS/008811247,P,2019-05-12T20:36:00,2019-05-12T20:36:00,79,79
http://irail.be/vehicle/P8300,http://irail.be/stations/NMBS/008811221,P,2019-05-12T20:38:00,2019-05-12T20:38:00,35,35
http://irail.be/vehicle/P8300,http://irail.be/stations/NMBS/008811213,P,2019-05-12T20:39:00,2019-05-12T20:39:00,28,28
http://irail.be/vehicle/P8300,http://irail.be/stations/NMBS/008811130,P,2019-05-12T20:39:00,2019-05-12T20:39:00,50,50
http://irail.be/vehicle/P8300,http://irail.be/stations/NMBS/008811007,P,2019-05-12T20:41:00,2019-05-12T20:41:00,201,201
http://irail.be/vehicle/P8300,http://irail.be/stations/NMBS/008812005,P,2019-05-12T20:47:00,2019-05-12T20:45:00,194,246
http://irail.be/vehicle/P8300,http://irail.be/stations/NMBS/008813045,P,2019-05-12T20:49:00,2019-05-12T20:49:00,201,201
http://irail.be/vehicle/P8300,http://irail.be/stations/NMBS/008813003,P,2019-05-12T20:52:00,2019-05-12T20:51:00,183,194
http://irail.be/vehicle/P8300,http://irail.be/stations/NMBS/008813037,P,2019-05-12T20:54:00,2019-05-12T20:54:00,183,183
http://irail.be/vehicle/P8300,http://irail.be/stations/NMBS/008814001,P,2019-05-12T20:59:00,2019-05-12T20:56:00,252,188
http://irail.be/vehicle/P8300,http://irail.be/stations/NMBS/008892007,P,2019-05-12T21:28:00,2019-05-12T21:28:00,,243
