http://irail.be/vehicle/IC19959,http://irail.be/stations/NMBS/008885068,IC,2018-08-09T18:32:00,2018-08-09T18:32:00,62,-18
http://irail.be/vehicle/IC19959,http://irail.be/stations/NMBS/008885001,IC,2018-08-09T18:37:00,2018-08-09T18:37:00,,98
http://irail.be/vehicle/IC19959,http://irail.be/stations/NMBS/008885068,IC,2018-09-13T18:32:00,2018-09-13T18:32:00,965,930
http://irail.be/vehicle/IC19959,http://irail.be/stations/NMBS/008885001,IC,2018-09-13T18:37:00,2018-09-13T18:37:00,,889
http://irail.be/vehicle/IC19959,http://irail.be/stations/NMBS/008885068,IC,2018-09-14T18:32:00,2018-09-14T18:32:00,39,-42
http://irail.be/vehicle/IC19959,http://irail.be/stations/NMBS/008885001,IC,2018-09-14T18:37:00,2018-09-14T18:37:00,,42
http://irail.be/vehicle/IC19959,http://irail.be/stations/NMBS/008885068,IC,2018-09-04T18:32:00,2018-09-04T18:32:00,64,20
http://irail.be/vehicle/IC19959,http://irail.be/stations/NMBS/008885001,IC,2018-09-04T18:37:00,2018-09-04T18:37:00,,134
http://irail.be/vehicle/IC19959,http://irail.be/stations/NMBS/008885068,IC,2018-01-08T18:32:00,2018-01-08T18:32:00,441,394
http://irail.be/vehicle/IC19959,http://irail.be/stations/NMBS/008885001,IC,2018-01-08T18:37:00,2018-01-08T18:37:00,,348
http://irail.be/vehicle/IC19959,http://irail.be/stations/NMBS/008885068,IC,2018-03-05T18:32:00,2018-03-05T18:32:00,145,102
http://irail.be/vehicle/IC19959,http://irail.be/stations/NMBS/008885001,IC,2018-03-05T18:37:00,2018-03-05T18:37:00,,61
http://irail.be/vehicle/IC19959,http://irail.be/stations/NMBS/008885068,IC,2018-06-01T18:32:00,2018-06-01T18:32:00,243,181
http://irail.be/vehicle/IC19959,http://irail.be/stations/NMBS/008885001,IC,2018-06-01T18:37:00,2018-06-01T18:37:00,,160
http://irail.be/vehicle/IC19959,http://irail.be/stations/NMBS/008885068,IC,2018-10-05T18:32:00,2018-10-05T18:32:00,178,44
http://irail.be/vehicle/IC19959,http://irail.be/stations/NMBS/008885001,IC,2018-10-05T18:37:00,2018-10-05T18:37:00,,111
http://irail.be/vehicle/IC19959,http://irail.be/stations/NMBS/008885068,IC,2018-08-28T18:32:00,2018-08-28T18:32:00,190,126
http://irail.be/vehicle/IC19959,http://irail.be/stations/NMBS/008885001,IC,2018-08-28T18:37:00,2018-08-28T18:37:00,,160
http://irail.be/vehicle/IC19959,http://irail.be/stations/NMBS/008885068,IC,2018-04-12T18:32:00,2018-04-12T18:32:00,87,42
http://irail.be/vehicle/IC19959,http://irail.be/stations/NMBS/008885001,IC,2018-04-12T18:37:00,2018-04-12T18:37:00,,1
http://irail.be/vehicle/IC19959,http://irail.be/stations/NMBS/008885068,IC,2018-11-16T18:32:00,2018-11-16T18:32:00,107,37
http://irail.be/vehicle/IC19959,http://irail.be/stations/NMBS/008885001,IC,2018-11-16T18:37:00,2018-11-16T18:37:00,,405
http://irail.be/vehicle/IC19959,http://irail.be/stations/NMBS/008885068,IC,2018-07-06T18:32:00,2018-07-06T18:32:00,1267,1225
http://irail.be/vehicle/IC19959,http://irail.be/stations/NMBS/008885001,IC,2018-07-06T18:37:00,2018-07-06T18:37:00,,1221
http://irail.be/vehicle/IC19959,http://irail.be/stations/NMBS/008885068,IC,2018-02-20T18:32:00,2018-02-20T18:32:00,85,32
http://irail.be/vehicle/IC19959,http://irail.be/stations/NMBS/008885001,IC,2018-02-20T18:37:00,2018-02-20T18:37:00,,12
http://irail.be/vehicle/IC19959,http://irail.be/stations/NMBS/008885068,IC,2018-10-11T18:32:00,2018-10-11T18:32:00,90,64
http://irail.be/vehicle/IC19959,http://irail.be/stations/NMBS/008885001,IC,2018-10-11T18:37:00,2018-10-11T18:37:00,,179
http://irail.be/vehicle/IC19959,http://irail.be/stations/NMBS/008885068,IC,2018-03-23T18:32:00,2018-03-23T18:32:00,29,-53
http://irail.be/vehicle/IC19959,http://irail.be/stations/NMBS/008885001,IC,2018-03-23T18:37:00,2018-03-23T18:37:00,,66
http://irail.be/vehicle/IC19959,http://irail.be/stations/NMBS/008885068,IC,2018-04-26T18:32:00,2018-04-26T18:32:00,69,23
http://irail.be/vehicle/IC19959,http://irail.be/stations/NMBS/008885001,IC,2018-04-26T18:37:00,2018-04-26T18:37:00,,-26
http://irail.be/vehicle/IC19959,http://irail.be/stations/NMBS/008885068,IC,2018-04-23T18:32:00,2018-04-23T18:32:00,208,133
http://irail.be/vehicle/IC19959,http://irail.be/stations/NMBS/008885001,IC,2018-04-23T18:37:00,2018-04-23T18:37:00,,118
http://irail.be/vehicle/IC19959,http://irail.be/stations/NMBS/008885068,IC,2018-02-09T18:32:00,2018-02-09T18:32:00,1115,1067
http://irail.be/vehicle/IC19959,http://irail.be/stations/NMBS/008885001,IC,2018-02-09T18:37:00,2018-02-09T18:37:00,,1024
http://irail.be/vehicle/IC19959,http://irail.be/stations/NMBS/008885068,IC,2018-07-12T18:32:00,2018-07-12T18:32:00,83,12
http://irail.be/vehicle/IC19959,http://irail.be/stations/NMBS/008885001,IC,2018-07-12T18:37:00,2018-07-12T18:37:00,,2
http://irail.be/vehicle/IC19959,http://irail.be/stations/NMBS/008885068,IC,2018-06-25T18:32:00,2018-06-25T18:32:00,108,51
http://irail.be/vehicle/IC19959,http://irail.be/stations/NMBS/008885001,IC,2018-06-25T18:37:00,2018-06-25T18:37:00,,53
http://irail.be/vehicle/IC19959,http://irail.be/stations/NMBS/008885068,IC,2018-07-11T18:32:00,2018-07-11T18:32:00,135,73
http://irail.be/vehicle/IC19959,http://irail.be/stations/NMBS/008885001,IC,2018-07-11T18:37:00,2018-07-11T18:37:00,,52
http://irail.be/vehicle/IC19959,http://irail.be/stations/NMBS/008885068,IC,2018-03-19T18:32:00,2018-03-19T18:32:00,85,-10
http://irail.be/vehicle/IC19959,http://irail.be/stations/NMBS/008885001,IC,2018-03-19T18:37:00,2018-03-19T18:37:00,,38
http://irail.be/vehicle/IC19959,http://irail.be/stations/NMBS/008885068,IC,2018-10-31T18:32:00,2018-10-31T18:32:00,426,317
http://irail.be/vehicle/IC19959,http://irail.be/stations/NMBS/008885001,IC,2018-10-31T18:37:00,2018-10-31T18:37:00,,345
http://irail.be/vehicle/IC19959,http://irail.be/stations/NMBS/008885068,IC,2018-03-26T18:32:00,2018-03-26T18:32:00,61,26
http://irail.be/vehicle/IC19959,http://irail.be/stations/NMBS/008885001,IC,2018-03-26T18:37:00,2018-03-26T18:37:00,,-26
http://irail.be/vehicle/IC19959,http://irail.be/stations/NMBS/008885068,IC,2018-03-08T18:32:00,2018-03-08T18:32:00,86,30
http://irail.be/vehicle/IC19959,http://irail.be/stations/NMBS/008885001,IC,2018-03-08T18:37:00,2018-03-08T18:37:00,,-9
http://irail.be/vehicle/IC19959,http://irail.be/stations/NMBS/008885068,IC,2018-12-14T18:32:00,2018-12-14T18:32:00,1022,971
http://irail.be/vehicle/IC19959,http://irail.be/stations/NMBS/008885001,IC,2018-12-14T18:37:00,2018-12-14T18:37:00,,951
http://irail.be/vehicle/IC19959,http://irail.be/stations/NMBS/008885068,IC,2018-05-31T18:32:00,2018-05-31T18:32:00,201,91
http://irail.be/vehicle/IC19959,http://irail.be/stations/NMBS/008885001,IC,2018-05-31T18:37:00,2018-05-31T18:37:00,,293
http://irail.be/vehicle/IC19959,http://irail.be/stations/NMBS/008885068,IC,2018-06-18T18:32:00,2018-06-18T18:32:00,84,18
http://irail.be/vehicle/IC19959,http://irail.be/stations/NMBS/008885001,IC,2018-06-18T18:37:00,2018-06-18T18:37:00,,39
http://irail.be/vehicle/IC19959,http://irail.be/stations/NMBS/008885068,IC,2018-01-19T18:32:00,2018-01-19T18:32:00,246,197
http://irail.be/vehicle/IC19959,http://irail.be/stations/NMBS/008885001,IC,2018-01-19T18:37:00,2018-01-19T18:37:00,,154
http://irail.be/vehicle/IC19959,http://irail.be/stations/NMBS/008885068,IC,2018-01-04T18:32:00,2018-01-04T18:32:00,101,54
http://irail.be/vehicle/IC19959,http://irail.be/stations/NMBS/008885001,IC,2018-01-04T18:37:00,2018-01-04T18:37:00,,24
http://irail.be/vehicle/IC19959,http://irail.be/stations/NMBS/008885068,IC,2018-10-08T18:32:00,2018-10-08T18:32:00,87,40
http://irail.be/vehicle/IC19959,http://irail.be/stations/NMBS/008885001,IC,2018-10-08T18:37:00,2018-10-08T18:37:00,,12
http://irail.be/vehicle/IC19959,http://irail.be/stations/NMBS/008885068,IC,2018-10-30T18:32:00,2018-10-30T18:32:00,176,119
http://irail.be/vehicle/IC19959,http://irail.be/stations/NMBS/008885001,IC,2018-10-30T18:37:00,2018-10-30T18:37:00,,106
http://irail.be/vehicle/IC19959,http://irail.be/stations/NMBS/008885068,IC,2018-05-09T18:32:00,2018-05-09T18:32:00,151,132
http://irail.be/vehicle/IC19959,http://irail.be/stations/NMBS/008885001,IC,2018-05-09T18:37:00,2018-05-09T18:37:00,,59
http://irail.be/vehicle/IC19959,http://irail.be/stations/NMBS/008885068,IC,2018-11-02T18:32:00,2018-11-02T18:32:00,121,38
http://irail.be/vehicle/IC19959,http://irail.be/stations/NMBS/008885001,IC,2018-11-02T18:37:00,2018-11-02T18:37:00,,190
http://irail.be/vehicle/IC19959,http://irail.be/stations/NMBS/008885068,IC,2018-06-21T18:32:00,2018-06-21T18:32:00,207,149
http://irail.be/vehicle/IC19959,http://irail.be/stations/NMBS/008885001,IC,2018-06-21T18:37:00,2018-06-21T18:37:00,,345
http://irail.be/vehicle/IC19959,http://irail.be/stations/NMBS/008885068,IC,2018-06-14T18:32:00,2018-06-14T18:32:00,57,0
http://irail.be/vehicle/IC19959,http://irail.be/stations/NMBS/008885001,IC,2018-06-14T18:37:00,2018-06-14T18:37:00,,-15
http://irail.be/vehicle/IC19959,http://irail.be/stations/NMBS/008885068,IC,2018-03-02T18:32:00,2018-03-02T18:32:00,94,49
http://irail.be/vehicle/IC19959,http://irail.be/stations/NMBS/008885001,IC,2018-03-02T18:37:00,2018-03-02T18:37:00,,11
http://irail.be/vehicle/IC19959,http://irail.be/stations/NMBS/008885068,IC,2018-02-06T18:32:00,2018-02-06T18:32:00,321,237
http://irail.be/vehicle/IC19959,http://irail.be/stations/NMBS/008885001,IC,2018-02-06T18:37:00,2018-02-06T18:37:00,,233
http://irail.be/vehicle/IC19959,http://irail.be/stations/NMBS/008885068,IC,2018-03-30T18:32:00,2018-03-30T18:32:00,125,83
http://irail.be/vehicle/IC19959,http://irail.be/stations/NMBS/008885001,IC,2018-03-30T18:37:00,2018-03-30T18:37:00,,38
http://irail.be/vehicle/IC19959,http://irail.be/stations/NMBS/008885068,IC,2018-09-06T18:32:00,2018-09-06T18:32:00,230,132
http://irail.be/vehicle/IC19959,http://irail.be/stations/NMBS/008885001,IC,2018-09-06T18:37:00,2018-09-06T18:37:00,,256
http://irail.be/vehicle/IC19959,http://irail.be/stations/NMBS/008885068,IC,2018-03-20T18:32:00,2018-03-20T18:32:00,154,110
http://irail.be/vehicle/IC19959,http://irail.be/stations/NMBS/008885001,IC,2018-03-20T18:37:00,2018-03-20T18:37:00,,73
http://irail.be/vehicle/IC19959,http://irail.be/stations/NMBS/008885068,IC,2018-07-23T18:32:00,2018-07-23T18:32:00,2163,2130
http://irail.be/vehicle/IC19959,http://irail.be/stations/NMBS/008885001,IC,2018-07-23T18:37:00,2018-07-23T18:37:00,,2108
http://irail.be/vehicle/IC19959,http://irail.be/stations/NMBS/008885068,IC,2018-01-17T18:32:00,2018-01-17T18:32:00,140,55
http://irail.be/vehicle/IC19959,http://irail.be/stations/NMBS/008885001,IC,2018-01-17T18:37:00,2018-01-17T18:37:00,,146
http://irail.be/vehicle/IC19959,http://irail.be/stations/NMBS/008885068,IC,2018-09-26T18:32:00,2018-09-26T18:32:00,348,224
http://irail.be/vehicle/IC19959,http://irail.be/stations/NMBS/008885001,IC,2018-09-26T18:37:00,2018-09-26T18:37:00,,364
http://irail.be/vehicle/IC19959,http://irail.be/stations/NMBS/008885068,IC,2018-04-11T18:32:00,2018-04-11T18:32:00,204,127
http://irail.be/vehicle/IC19959,http://irail.be/stations/NMBS/008885001,IC,2018-04-11T18:37:00,2018-04-11T18:37:00,,135
http://irail.be/vehicle/IC19959,http://irail.be/stations/NMBS/008885068,IC,2018-09-28T18:32:00,2018-09-28T18:32:00,121,39
http://irail.be/vehicle/IC19959,http://irail.be/stations/NMBS/008885001,IC,2018-09-28T18:37:00,2018-09-28T18:37:00,,45
http://irail.be/vehicle/IC19959,http://irail.be/stations/NMBS/008885068,IC,2018-03-09T18:32:00,2018-03-09T18:32:00,49,-7
http://irail.be/vehicle/IC19959,http://irail.be/stations/NMBS/008885001,IC,2018-03-09T18:37:00,2018-03-09T18:37:00,,-49
http://irail.be/vehicle/IC19959,http://irail.be/stations/NMBS/008885068,IC,2018-02-23T18:32:00,2018-02-23T18:32:00,161,77
http://irail.be/vehicle/IC19959,http://irail.be/stations/NMBS/008885001,IC,2018-02-23T18:37:00,2018-02-23T18:37:00,,235
http://irail.be/vehicle/IC19959,http://irail.be/stations/NMBS/008885068,IC,2018-08-21T18:32:00,2018-08-21T18:32:00,139,51
http://irail.be/vehicle/IC19959,http://irail.be/stations/NMBS/008885001,IC,2018-08-21T18:37:00,2018-08-21T18:37:00,,81
http://irail.be/vehicle/IC19959,http://irail.be/stations/NMBS/008885068,IC,2018-09-19T18:32:00,2018-09-19T18:32:00,112,41
http://irail.be/vehicle/IC19959,http://irail.be/stations/NMBS/008885001,IC,2018-09-19T18:37:00,2018-09-19T18:37:00,,60
http://irail.be/vehicle/IC19959,http://irail.be/stations/NMBS/008885068,IC,2018-01-10T18:32:00,2018-01-10T18:32:00,424,396
http://irail.be/vehicle/IC19959,http://irail.be/stations/NMBS/008885001,IC,2018-01-10T18:37:00,2018-01-10T18:37:00,,330
http://irail.be/vehicle/IC19959,http://irail.be/stations/NMBS/008885068,IC,2018-01-15T18:32:00,2018-01-15T18:32:00,146,81
http://irail.be/vehicle/IC19959,http://irail.be/stations/NMBS/008885001,IC,2018-01-15T18:37:00,2018-01-15T18:37:00,,150
http://irail.be/vehicle/IC19959,http://irail.be/stations/NMBS/008885068,IC,2018-06-08T18:32:00,2018-06-08T18:32:00,1341,1292
http://irail.be/vehicle/IC19959,http://irail.be/stations/NMBS/008885001,IC,2018-06-08T18:37:00,2018-06-08T18:37:00,,1269
http://irail.be/vehicle/IC19959,http://irail.be/stations/NMBS/008885068,IC,2018-05-15T18:32:00,2018-05-15T18:32:00,295,278
http://irail.be/vehicle/IC19959,http://irail.be/stations/NMBS/008885001,IC,2018-05-15T18:37:00,2018-05-15T18:37:00,,218
http://irail.be/vehicle/IC19959,http://irail.be/stations/NMBS/008885068,IC,2018-02-28T18:32:00,2018-02-28T18:32:00,75,24
http://irail.be/vehicle/IC19959,http://irail.be/stations/NMBS/008885001,IC,2018-02-28T18:37:00,2018-02-28T18:37:00,,0
http://irail.be/vehicle/IC19959,http://irail.be/stations/NMBS/008885068,IC,2018-08-17T18:33:00,2018-08-17T18:33:00,65,-20
http://irail.be/vehicle/IC19959,http://irail.be/stations/NMBS/008885001,IC,2018-08-17T18:37:00,2018-08-17T18:37:00,,28
http://irail.be/vehicle/IC19959,http://irail.be/stations/NMBS/008885068,IC,2018-03-16T18:32:00,2018-03-16T18:32:00,635,564
http://irail.be/vehicle/IC19959,http://irail.be/stations/NMBS/008885001,IC,2018-03-16T18:37:00,2018-03-16T18:37:00,,541
http://irail.be/vehicle/IC19959,http://irail.be/stations/NMBS/008885068,IC,2018-08-06T18:32:00,2018-08-06T18:32:00,994,971
http://irail.be/vehicle/IC19959,http://irail.be/stations/NMBS/008885001,IC,2018-08-06T18:37:00,2018-08-06T18:37:00,,915
http://irail.be/vehicle/IC19959,http://irail.be/stations/NMBS/008885068,IC,2018-12-13T18:32:00,2018-12-13T18:32:00,61,13
http://irail.be/vehicle/IC19959,http://irail.be/stations/NMBS/008885001,IC,2018-12-13T18:37:00,2018-12-13T18:37:00,,72
http://irail.be/vehicle/IC19959,http://irail.be/stations/NMBS/008885068,IC,2018-10-09T18:32:00,2018-10-09T18:32:00,111,55
http://irail.be/vehicle/IC19959,http://irail.be/stations/NMBS/008885001,IC,2018-10-09T18:37:00,2018-10-09T18:37:00,,126
http://irail.be/vehicle/IC19959,http://irail.be/stations/NMBS/008885068,IC,2018-03-13T18:32:00,2018-03-13T18:32:00,71,23
http://irail.be/vehicle/IC19959,http://irail.be/stations/NMBS/008885001,IC,2018-03-13T18:37:00,2018-03-13T18:37:00,,77
http://irail.be/vehicle/IC19959,http://irail.be/stations/NMBS/008885068,IC,2018-12-03T18:32:00,2018-12-03T18:32:00,290,234
http://irail.be/vehicle/IC19959,http://irail.be/stations/NMBS/008885001,IC,2018-12-03T18:37:00,2018-12-03T18:37:00,,325
http://irail.be/vehicle/IC19959,http://irail.be/stations/NMBS/008885068,IC,2018-07-13T18:32:00,2018-07-13T18:32:00,181,140
http://irail.be/vehicle/IC19959,http://irail.be/stations/NMBS/008885001,IC,2018-07-13T18:37:00,2018-07-13T18:37:00,,127
http://irail.be/vehicle/IC19959,http://irail.be/stations/NMBS/008885068,IC,2018-01-05T18:32:00,2018-01-05T18:32:00,55,12
http://irail.be/vehicle/IC19959,http://irail.be/stations/NMBS/008885001,IC,2018-01-05T18:37:00,2018-01-05T18:37:00,,33
http://irail.be/vehicle/IC19959,http://irail.be/stations/NMBS/008885068,IC,2018-10-23T18:32:00,2018-10-23T18:32:00,89,12
http://irail.be/vehicle/IC19959,http://irail.be/stations/NMBS/008885001,IC,2018-10-23T18:37:00,2018-10-23T18:37:00,,13
http://irail.be/vehicle/IC19959,http://irail.be/stations/NMBS/008885068,IC,2018-06-20T18:32:00,2018-06-20T18:32:00,2257,2222
http://irail.be/vehicle/IC19959,http://irail.be/stations/NMBS/008885001,IC,2018-06-20T18:37:00,2018-06-20T18:37:00,,2180
http://irail.be/vehicle/IC19959,http://irail.be/stations/NMBS/008885068,IC,2018-04-05T18:32:00,2018-04-05T18:32:00,204,147
http://irail.be/vehicle/IC19959,http://irail.be/stations/NMBS/008885001,IC,2018-04-05T18:37:00,2018-04-05T18:37:00,,130
http://irail.be/vehicle/IC19959,http://irail.be/stations/NMBS/008885068,IC,2018-11-05T18:32:00,2018-11-05T18:32:00,349,311
http://irail.be/vehicle/IC19959,http://irail.be/stations/NMBS/008885001,IC,2018-11-05T18:37:00,2018-11-05T18:37:00,,266
http://irail.be/vehicle/IC19959,http://irail.be/stations/NMBS/008885068,IC,2018-03-14T18:32:00,2018-03-14T18:32:00,237,191
http://irail.be/vehicle/IC19959,http://irail.be/stations/NMBS/008885001,IC,2018-03-14T18:37:00,2018-03-14T18:37:00,,170
http://irail.be/vehicle/IC19959,http://irail.be/stations/NMBS/008885068,IC,2018-11-23T18:32:00,2018-11-23T18:32:00,186,106
http://irail.be/vehicle/IC19959,http://irail.be/stations/NMBS/008885001,IC,2018-11-23T18:37:00,2018-11-23T18:37:00,,104
http://irail.be/vehicle/IC19959,http://irail.be/stations/NMBS/008885068,IC,2018-07-04T18:32:00,2018-07-04T18:32:00,112,71
http://irail.be/vehicle/IC19959,http://irail.be/stations/NMBS/008885001,IC,2018-07-04T18:37:00,2018-07-04T18:37:00,,117
http://irail.be/vehicle/IC19959,http://irail.be/stations/NMBS/008885068,IC,2018-01-22T18:32:00,2018-01-22T18:32:00,195,134
http://irail.be/vehicle/IC19959,http://irail.be/stations/NMBS/008885001,IC,2018-01-22T18:37:00,2018-01-22T18:37:00,,101
http://irail.be/vehicle/IC19959,http://irail.be/stations/NMBS/008885068,IC,2018-03-12T18:32:00,2018-03-12T18:32:00,114,35
http://irail.be/vehicle/IC19959,http://irail.be/stations/NMBS/008885001,IC,2018-03-12T18:37:00,2018-03-12T18:37:00,,23
http://irail.be/vehicle/IC19959,http://irail.be/stations/NMBS/008885068,IC,2018-12-27T18:32:00,2018-12-27T18:32:00,101,16
http://irail.be/vehicle/IC19959,http://irail.be/stations/NMBS/008885001,IC,2018-12-27T18:37:00,2018-12-27T18:37:00,,116
http://irail.be/vehicle/IC19959,http://irail.be/stations/NMBS/008885068,IC,2018-10-26T18:32:00,2018-10-26T18:32:00,175,123
http://irail.be/vehicle/IC19959,http://irail.be/stations/NMBS/008885001,IC,2018-10-26T18:37:00,2018-10-26T18:37:00,,142
http://irail.be/vehicle/IC19959,http://irail.be/stations/NMBS/008885068,IC,2018-05-04T18:32:00,2018-05-04T18:32:00,223,168
http://irail.be/vehicle/IC19959,http://irail.be/stations/NMBS/008885001,IC,2018-05-04T18:37:00,2018-05-04T18:37:00,,131
http://irail.be/vehicle/IC19959,http://irail.be/stations/NMBS/008885068,IC,2018-01-26T18:32:00,2018-01-26T18:32:00,96,20
http://irail.be/vehicle/IC19959,http://irail.be/stations/NMBS/008885001,IC,2018-01-26T18:37:00,2018-01-26T18:37:00,,66
http://irail.be/vehicle/IC19959,http://irail.be/stations/NMBS/008885068,IC,2018-01-23T18:32:00,2018-01-23T18:32:00,201,138
http://irail.be/vehicle/IC19959,http://irail.be/stations/NMBS/008885001,IC,2018-01-23T18:37:00,2018-01-23T18:37:00,,107
http://irail.be/vehicle/IC19959,http://irail.be/stations/NMBS/008885068,IC,2018-02-07T18:32:00,2018-02-07T18:32:00,290,227
http://irail.be/vehicle/IC19959,http://irail.be/stations/NMBS/008885001,IC,2018-02-07T18:37:00,2018-02-07T18:37:00,,195
http://irail.be/vehicle/IC19959,http://irail.be/stations/NMBS/008885068,IC,2018-11-06T18:32:00,2018-11-06T18:32:00,183,106
http://irail.be/vehicle/IC19959,http://irail.be/stations/NMBS/008885001,IC,2018-11-06T18:37:00,2018-11-06T18:37:00,,237
http://irail.be/vehicle/IC19959,http://irail.be/stations/NMBS/008885068,IC,2018-11-26T18:32:00,2018-11-26T18:32:00,175,55
http://irail.be/vehicle/IC19959,http://irail.be/stations/NMBS/008885001,IC,2018-11-26T18:37:00,2018-11-26T18:37:00,,384
http://irail.be/vehicle/IC19959,http://irail.be/stations/NMBS/008885068,IC,2018-05-17T18:32:00,2018-05-17T18:32:00,34,-1
http://irail.be/vehicle/IC19959,http://irail.be/stations/NMBS/008885001,IC,2018-05-17T18:37:00,2018-05-17T18:37:00,,-53
http://irail.be/vehicle/IC19959,http://irail.be/stations/NMBS/008885068,IC,2018-12-07T18:32:00,2018-12-07T18:32:00,32,-6
http://irail.be/vehicle/IC19959,http://irail.be/stations/NMBS/008885001,IC,2018-12-07T18:37:00,2018-12-07T18:37:00,,151
http://irail.be/vehicle/IC19959,http://irail.be/stations/NMBS/008885068,IC,2018-10-15T18:32:00,2018-10-15T18:32:00,1060,1035
http://irail.be/vehicle/IC19959,http://irail.be/stations/NMBS/008885001,IC,2018-10-15T18:37:00,2018-10-15T18:37:00,,975
http://irail.be/vehicle/IC19959,http://irail.be/stations/NMBS/008885068,IC,2018-04-24T18:32:00,2018-04-24T18:32:00,303,255
http://irail.be/vehicle/IC19959,http://irail.be/stations/NMBS/008885001,IC,2018-04-24T18:37:00,2018-04-24T18:37:00,,214
http://irail.be/vehicle/IC19959,http://irail.be/stations/NMBS/008885068,IC,2018-05-22T18:32:00,2018-05-22T18:32:00,158,110
http://irail.be/vehicle/IC19959,http://irail.be/stations/NMBS/008885001,IC,2018-05-22T18:37:00,2018-05-22T18:37:00,,158
http://irail.be/vehicle/IC19959,http://irail.be/stations/NMBS/008885068,IC,2018-08-01T18:32:00,2018-08-01T18:32:00,73,27
http://irail.be/vehicle/IC19959,http://irail.be/stations/NMBS/008885001,IC,2018-08-01T18:37:00,2018-08-01T18:37:00,,145
http://irail.be/vehicle/IC19959,http://irail.be/stations/NMBS/008885068,IC,2018-06-07T18:32:00,2018-06-07T18:32:00,1563,1387
http://irail.be/vehicle/IC19959,http://irail.be/stations/NMBS/008885001,IC,2018-06-07T18:37:00,2018-06-07T18:37:00,,1489
http://irail.be/vehicle/IC19959,http://irail.be/stations/NMBS/008885068,IC,2018-12-12T18:32:00,2018-12-12T18:32:00,234,173
http://irail.be/vehicle/IC19959,http://irail.be/stations/NMBS/008885001,IC,2018-12-12T18:37:00,2018-12-12T18:37:00,,129
http://irail.be/vehicle/IC19959,http://irail.be/stations/NMBS/008885068,IC,2018-11-30T18:32:00,2018-11-30T18:32:00,454,395
http://irail.be/vehicle/IC19959,http://irail.be/stations/NMBS/008885001,IC,2018-11-30T18:37:00,2018-11-30T18:37:00,,401
http://irail.be/vehicle/IC19959,http://irail.be/stations/NMBS/008885068,IC,2018-07-18T18:32:00,2018-07-18T18:32:00,186,110
http://irail.be/vehicle/IC19959,http://irail.be/stations/NMBS/008885001,IC,2018-07-18T18:37:00,2018-07-18T18:37:00,,162
http://irail.be/vehicle/IC19959,http://irail.be/stations/NMBS/008885068,IC,2018-02-05T18:32:00,2018-02-05T18:32:00,100,47
http://irail.be/vehicle/IC19959,http://irail.be/stations/NMBS/008885001,IC,2018-02-05T18:37:00,2018-02-05T18:37:00,,5
http://irail.be/vehicle/IC19959,http://irail.be/stations/NMBS/008885068,IC,2018-05-11T18:32:00,2018-05-11T18:32:00,133,30
http://irail.be/vehicle/IC19959,http://irail.be/stations/NMBS/008885001,IC,2018-05-11T18:37:00,2018-05-11T18:37:00,,37
http://irail.be/vehicle/IC19959,http://irail.be/stations/NMBS/008885068,IC,2018-07-27T18:32:00,2018-07-27T18:32:00,1879,1830
http://irail.be/vehicle/IC19959,http://irail.be/stations/NMBS/008885001,IC,2018-07-27T18:37:00,2018-07-27T18:37:00,,1803
http://irail.be/vehicle/IC19959,http://irail.be/stations/NMBS/008885068,IC,2018-04-27T18:32:00,2018-04-27T18:32:00,166,122
http://irail.be/vehicle/IC19959,http://irail.be/stations/NMBS/008885001,IC,2018-04-27T18:37:00,2018-04-27T18:37:00,,132
http://irail.be/vehicle/IC19959,http://irail.be/stations/NMBS/008885068,IC,2018-09-17T18:32:00,2018-09-17T18:32:00,35,-14
http://irail.be/vehicle/IC19959,http://irail.be/stations/NMBS/008885001,IC,2018-09-17T18:37:00,2018-09-17T18:37:00,,-30
http://irail.be/vehicle/IC19959,http://irail.be/stations/NMBS/008885068,IC,2018-11-08T18:32:00,2018-11-08T18:32:00,405,359
http://irail.be/vehicle/IC19959,http://irail.be/stations/NMBS/008885001,IC,2018-11-08T18:37:00,2018-11-08T18:37:00,,319
http://irail.be/vehicle/IC19959,http://irail.be/stations/NMBS/008885068,IC,2018-12-05T18:32:00,2018-12-05T18:32:00,90,34
http://irail.be/vehicle/IC19959,http://irail.be/stations/NMBS/008885001,IC,2018-12-05T18:37:00,2018-12-05T18:37:00,,75
http://irail.be/vehicle/IC19959,http://irail.be/stations/NMBS/008885068,IC,2018-03-29T18:32:00,2018-03-29T18:32:00,343,315
http://irail.be/vehicle/IC19959,http://irail.be/stations/NMBS/008885001,IC,2018-03-29T18:37:00,2018-03-29T18:37:00,,254
http://irail.be/vehicle/IC19959,http://irail.be/stations/NMBS/008885068,IC,2018-09-20T18:32:00,2018-09-20T18:32:00,231,92
http://irail.be/vehicle/IC19959,http://irail.be/stations/NMBS/008885001,IC,2018-09-20T18:37:00,2018-09-20T18:37:00,,371
http://irail.be/vehicle/IC19959,http://irail.be/stations/NMBS/008885068,IC,2018-12-28T18:32:00,2018-12-28T18:32:00,36,-11
http://irail.be/vehicle/IC19959,http://irail.be/stations/NMBS/008885001,IC,2018-12-28T18:37:00,2018-12-28T18:37:00,,121
http://irail.be/vehicle/IC19959,http://irail.be/stations/NMBS/008885068,IC,2018-08-24T18:32:00,2018-08-24T18:32:00,525,458
http://irail.be/vehicle/IC19959,http://irail.be/stations/NMBS/008885001,IC,2018-08-24T18:37:00,2018-08-24T18:37:00,,495
http://irail.be/vehicle/IC19959,http://irail.be/stations/NMBS/008885068,IC,2018-08-22T18:32:00,2018-08-22T18:32:00,126,82
http://irail.be/vehicle/IC19959,http://irail.be/stations/NMBS/008885001,IC,2018-08-22T18:37:00,2018-08-22T18:37:00,,36
http://irail.be/vehicle/IC19959,http://irail.be/stations/NMBS/008885068,IC,2018-11-15T18:32:00,2018-11-15T18:32:00,-149,-149
http://irail.be/vehicle/IC19959,http://irail.be/stations/NMBS/008885001,IC,2018-11-15T18:37:00,2018-11-15T18:37:00,,-185
http://irail.be/vehicle/IC19959,http://irail.be/stations/NMBS/008885068,IC,2018-07-25T18:32:00,2018-07-25T18:32:00,1339,1286
http://irail.be/vehicle/IC19959,http://irail.be/stations/NMBS/008885001,IC,2018-07-25T18:37:00,2018-07-25T18:37:00,,1341
http://irail.be/vehicle/IC19959,http://irail.be/stations/NMBS/008885068,IC,2018-08-10T18:32:00,2018-08-10T18:32:00,202,107
http://irail.be/vehicle/IC19959,http://irail.be/stations/NMBS/008885001,IC,2018-08-10T18:37:00,2018-08-10T18:37:00,,150
http://irail.be/vehicle/IC19959,http://irail.be/stations/NMBS/008885068,IC,2018-11-27T18:32:00,2018-11-27T18:32:00,80,4
http://irail.be/vehicle/IC19959,http://irail.be/stations/NMBS/008885001,IC,2018-11-27T18:37:00,2018-11-27T18:37:00,,174
http://irail.be/vehicle/IC19959,http://irail.be/stations/NMBS/008885068,IC,2018-06-04T18:32:00,2018-06-04T18:32:00,70,19
http://irail.be/vehicle/IC19959,http://irail.be/stations/NMBS/008885001,IC,2018-06-04T18:37:00,2018-06-04T18:37:00,,-21
http://irail.be/vehicle/IC19959,http://irail.be/stations/NMBS/008885068,IC,2018-10-29T18:32:00,2018-10-29T18:32:00,164,99
http://irail.be/vehicle/IC19959,http://irail.be/stations/NMBS/008885001,IC,2018-10-29T18:37:00,2018-10-29T18:37:00,,242
http://irail.be/vehicle/IC19959,http://irail.be/stations/NMBS/008885068,IC,2018-09-10T18:32:00,2018-09-10T18:32:00,376,326
http://irail.be/vehicle/IC19959,http://irail.be/stations/NMBS/008885001,IC,2018-09-10T18:37:00,2018-09-10T18:37:00,,300
http://irail.be/vehicle/IC19959,http://irail.be/stations/NMBS/008885068,IC,2018-11-29T18:32:00,2018-11-29T18:32:00,139,54
http://irail.be/vehicle/IC19959,http://irail.be/stations/NMBS/008885001,IC,2018-11-29T18:37:00,2018-11-29T18:37:00,,145
http://irail.be/vehicle/IC19959,http://irail.be/stations/NMBS/008885068,IC,2018-03-01T18:32:00,2018-03-01T18:32:00,295,191
http://irail.be/vehicle/IC19959,http://irail.be/stations/NMBS/008885001,IC,2018-03-01T18:37:00,2018-03-01T18:37:00,,206
http://irail.be/vehicle/IC19959,http://irail.be/stations/NMBS/008885068,IC,2018-01-09T18:32:00,2018-01-09T18:32:00,316,265
http://irail.be/vehicle/IC19959,http://irail.be/stations/NMBS/008885001,IC,2018-01-09T18:37:00,2018-01-09T18:37:00,,232
http://irail.be/vehicle/IC19959,http://irail.be/stations/NMBS/008885068,IC,2018-02-19T18:32:00,2018-02-19T18:32:00,548,210
http://irail.be/vehicle/IC19959,http://irail.be/stations/NMBS/008885001,IC,2018-02-19T18:37:00,2018-02-19T18:37:00,,464
http://irail.be/vehicle/IC19959,http://irail.be/stations/NMBS/008885068,IC,2018-11-22T18:32:00,2018-11-22T18:32:00,96,40
http://irail.be/vehicle/IC19959,http://irail.be/stations/NMBS/008885001,IC,2018-11-22T18:37:00,2018-11-22T18:37:00,,40
http://irail.be/vehicle/IC19959,http://irail.be/stations/NMBS/008885068,IC,2018-11-21T18:32:00,2018-11-21T18:32:00,1015,974
http://irail.be/vehicle/IC19959,http://irail.be/stations/NMBS/008885001,IC,2018-11-21T18:37:00,2018-11-21T18:37:00,,929
http://irail.be/vehicle/IC19959,http://irail.be/stations/NMBS/008885068,IC,2018-10-03T18:32:00,2018-10-03T18:32:00,318,223
http://irail.be/vehicle/IC19959,http://irail.be/stations/NMBS/008885001,IC,2018-10-03T18:37:00,2018-10-03T18:37:00,,237
http://irail.be/vehicle/IC19959,http://irail.be/stations/NMBS/008885068,IC,2018-02-26T18:32:00,2018-02-26T18:32:00,36,-6
http://irail.be/vehicle/IC19959,http://irail.be/stations/NMBS/008885001,IC,2018-02-26T18:37:00,2018-02-26T18:37:00,,-37
http://irail.be/vehicle/IC19959,http://irail.be/stations/NMBS/008885068,IC,2018-09-12T18:32:00,2018-09-12T18:32:00,1075,1037
http://irail.be/vehicle/IC19959,http://irail.be/stations/NMBS/008885001,IC,2018-09-12T18:37:00,2018-09-12T18:37:00,,1013
http://irail.be/vehicle/IC19959,http://irail.be/stations/NMBS/008885068,IC,2018-04-09T18:32:00,2018-04-09T18:32:00,485,432
http://irail.be/vehicle/IC19959,http://irail.be/stations/NMBS/008885001,IC,2018-04-09T18:37:00,2018-04-09T18:37:00,,390
http://irail.be/vehicle/IC19959,http://irail.be/stations/NMBS/008885068,IC,2018-03-15T18:32:00,2018-03-15T18:32:00,370,297
http://irail.be/vehicle/IC19959,http://irail.be/stations/NMBS/008885001,IC,2018-03-15T18:37:00,2018-03-15T18:37:00,,285
http://irail.be/vehicle/IC19959,http://irail.be/stations/NMBS/008885068,IC,2018-06-19T18:32:00,2018-06-19T18:32:00,267,179
http://irail.be/vehicle/IC19959,http://irail.be/stations/NMBS/008885001,IC,2018-06-19T18:37:00,2018-06-19T18:37:00,,205
http://irail.be/vehicle/IC19959,http://irail.be/stations/NMBS/008885068,IC,2018-10-18T18:32:00,2018-10-18T18:32:00,134,45
http://irail.be/vehicle/IC19959,http://irail.be/stations/NMBS/008885001,IC,2018-10-18T18:37:00,2018-10-18T18:37:00,,57
http://irail.be/vehicle/IC19959,http://irail.be/stations/NMBS/008885068,IC,2018-06-15T18:32:00,2018-06-15T18:32:00,27,-5
http://irail.be/vehicle/IC19959,http://irail.be/stations/NMBS/008885001,IC,2018-06-15T18:37:00,2018-06-15T18:37:00,,143
http://irail.be/vehicle/IC19959,http://irail.be/stations/NMBS/008885068,IC,2018-02-01T18:32:00,2018-02-01T18:32:00,62,44
http://irail.be/vehicle/IC19959,http://irail.be/stations/NMBS/008885001,IC,2018-02-01T18:37:00,2018-02-01T18:37:00,,-29
http://irail.be/vehicle/IC19959,http://irail.be/stations/NMBS/008885068,IC,2018-07-19T18:32:00,2018-07-19T18:32:00,1106,1078
http://irail.be/vehicle/IC19959,http://irail.be/stations/NMBS/008885001,IC,2018-07-19T18:37:00,2018-07-19T18:37:00,,1029
http://irail.be/vehicle/IC19959,http://irail.be/stations/NMBS/008885068,IC,2018-02-12T18:32:00,2018-02-12T18:32:00,112,39
http://irail.be/vehicle/IC19959,http://irail.be/stations/NMBS/008885001,IC,2018-02-12T18:37:00,2018-02-12T18:37:00,,24
http://irail.be/vehicle/IC19959,http://irail.be/stations/NMBS/008885068,IC,2018-01-11T18:32:00,2018-01-11T18:32:00,114,28
http://irail.be/vehicle/IC19959,http://irail.be/stations/NMBS/008885001,IC,2018-01-11T18:37:00,2018-01-11T18:37:00,,78
http://irail.be/vehicle/IC19959,http://irail.be/stations/NMBS/008885068,IC,2018-07-30T18:32:00,2018-07-30T18:32:00,78,28
http://irail.be/vehicle/IC19959,http://irail.be/stations/NMBS/008885001,IC,2018-07-30T18:37:00,2018-07-30T18:37:00,,17
http://irail.be/vehicle/IC19959,http://irail.be/stations/NMBS/008885068,IC,2018-10-19T18:32:00,2018-10-19T18:32:00,95,38
http://irail.be/vehicle/IC19959,http://irail.be/stations/NMBS/008885001,IC,2018-10-19T18:37:00,2018-10-19T18:37:00,,442
http://irail.be/vehicle/IC19959,http://irail.be/stations/NMBS/008885068,IC,2018-05-25T18:32:00,2018-05-25T18:32:00,4108,4040
http://irail.be/vehicle/IC19959,http://irail.be/stations/NMBS/008885001,IC,2018-05-25T18:37:00,2018-05-25T18:37:00,,4073
http://irail.be/vehicle/IC19959,http://irail.be/stations/NMBS/008885068,IC,2018-08-14T18:32:00,2018-08-14T18:32:00,180,60
http://irail.be/vehicle/IC19959,http://irail.be/stations/NMBS/008885001,IC,2018-08-14T18:37:00,2018-08-14T18:37:00,,103
http://irail.be/vehicle/IC19959,http://irail.be/stations/NMBS/008885068,IC,2018-05-23T18:32:00,2018-05-23T18:32:00,1106,1061
http://irail.be/vehicle/IC19959,http://irail.be/stations/NMBS/008885001,IC,2018-05-23T18:37:00,2018-05-23T18:37:00,,1027
http://irail.be/vehicle/IC19959,http://irail.be/stations/NMBS/008885068,IC,2018-01-12T18:32:00,2018-01-12T18:32:00,192,142
http://irail.be/vehicle/IC19959,http://irail.be/stations/NMBS/008885001,IC,2018-01-12T18:37:00,2018-01-12T18:37:00,,122
http://irail.be/vehicle/IC19959,http://irail.be/stations/NMBS/008885068,IC,2018-04-17T18:32:00,2018-04-17T18:32:00,636,557
http://irail.be/vehicle/IC19959,http://irail.be/stations/NMBS/008885001,IC,2018-04-17T18:37:00,2018-04-17T18:37:00,,561
http://irail.be/vehicle/IC19959,http://irail.be/stations/NMBS/008885068,IC,2018-08-13T18:32:00,2018-08-13T18:32:00,38,-4
http://irail.be/vehicle/IC19959,http://irail.be/stations/NMBS/008885001,IC,2018-08-13T18:37:00,2018-08-13T18:37:00,,194
http://irail.be/vehicle/IC19959,http://irail.be/stations/NMBS/008885068,IC,2018-06-28T18:32:00,2018-06-28T18:32:00,344,42
http://irail.be/vehicle/IC19959,http://irail.be/stations/NMBS/008885001,IC,2018-06-28T18:37:00,2018-06-28T18:37:00,,273
http://irail.be/vehicle/IC19959,http://irail.be/stations/NMBS/008885068,IC,2018-07-20T18:32:00,2018-07-20T18:32:00,-7,-79
http://irail.be/vehicle/IC19959,http://irail.be/stations/NMBS/008885001,IC,2018-07-20T18:37:00,2018-07-20T18:37:00,,-6
http://irail.be/vehicle/IC19959,http://irail.be/stations/NMBS/008885068,IC,2018-04-04T18:32:00,2018-04-04T18:32:00,494,432
http://irail.be/vehicle/IC19959,http://irail.be/stations/NMBS/008885001,IC,2018-04-04T18:37:00,2018-04-04T18:37:00,,423
http://irail.be/vehicle/IC19959,http://irail.be/stations/NMBS/008885068,IC,2018-12-17T18:32:00,2018-12-17T18:32:00,209,147
http://irail.be/vehicle/IC19959,http://irail.be/stations/NMBS/008885001,IC,2018-12-17T18:37:00,2018-12-17T18:37:00,,141
http://irail.be/vehicle/IC19959,http://irail.be/stations/NMBS/008885068,IC,2018-06-13T18:32:00,2018-06-13T18:32:00,90,33
http://irail.be/vehicle/IC19959,http://irail.be/stations/NMBS/008885001,IC,2018-06-13T18:37:00,2018-06-13T18:37:00,,12
http://irail.be/vehicle/IC19959,http://irail.be/stations/NMBS/008885068,IC,2018-03-28T18:32:00,2018-03-28T18:32:00,262,199
http://irail.be/vehicle/IC19959,http://irail.be/stations/NMBS/008885001,IC,2018-03-28T18:37:00,2018-03-28T18:37:00,,185
http://irail.be/vehicle/IC19959,http://irail.be/stations/NMBS/008885068,IC,2018-03-06T18:32:00,2018-03-06T18:32:00,807,708
http://irail.be/vehicle/IC19959,http://irail.be/stations/NMBS/008885001,IC,2018-03-06T18:37:00,2018-03-06T18:37:00,,860
http://irail.be/vehicle/IC19959,http://irail.be/stations/NMBS/008885068,IC,2018-09-03T18:32:00,2018-09-03T18:32:00,57,9
http://irail.be/vehicle/IC19959,http://irail.be/stations/NMBS/008885001,IC,2018-09-03T18:37:00,2018-09-03T18:37:00,,0
http://irail.be/vehicle/IC19959,http://irail.be/stations/NMBS/008885068,IC,2018-10-25T18:32:00,2018-10-25T18:32:00,130,47
http://irail.be/vehicle/IC19959,http://irail.be/stations/NMBS/008885001,IC,2018-10-25T18:37:00,2018-10-25T18:37:00,,247
http://irail.be/vehicle/IC19959,http://irail.be/stations/NMBS/008885068,IC,2018-07-02T18:32:00,2018-07-02T18:32:00,1059,1021
http://irail.be/vehicle/IC19959,http://irail.be/stations/NMBS/008885001,IC,2018-07-02T18:37:00,2018-07-02T18:37:00,,1039
http://irail.be/vehicle/IC19959,http://irail.be/stations/NMBS/008885068,IC,2018-12-26T18:32:00,2018-12-26T18:32:00,63,22
http://irail.be/vehicle/IC19959,http://irail.be/stations/NMBS/008885001,IC,2018-12-26T18:37:00,2018-12-26T18:37:00,,-9
http://irail.be/vehicle/IC19959,http://irail.be/stations/NMBS/008885068,IC,2018-06-05T18:32:00,2018-06-05T18:32:00,199,121
http://irail.be/vehicle/IC19959,http://irail.be/stations/NMBS/008885001,IC,2018-06-05T18:37:00,2018-06-05T18:37:00,,202
http://irail.be/vehicle/IC19959,http://irail.be/stations/NMBS/008885068,IC,2018-10-22T18:32:00,2018-10-22T18:32:00,815,736
http://irail.be/vehicle/IC19959,http://irail.be/stations/NMBS/008885001,IC,2018-10-22T18:37:00,2018-10-22T18:37:00,,744
http://irail.be/vehicle/IC19959,http://irail.be/stations/NMBS/008885068,IC,2018-07-31T18:32:00,2018-07-31T18:32:00,189,72
http://irail.be/vehicle/IC19959,http://irail.be/stations/NMBS/008885001,IC,2018-07-31T18:37:00,2018-07-31T18:37:00,,212
http://irail.be/vehicle/IC19959,http://irail.be/stations/NMBS/008885068,IC,2018-12-06T18:32:00,2018-12-06T18:32:00,167,81
http://irail.be/vehicle/IC19959,http://irail.be/stations/NMBS/008885001,IC,2018-12-06T18:37:00,2018-12-06T18:37:00,,133
http://irail.be/vehicle/IC19959,http://irail.be/stations/NMBS/008885068,IC,2018-01-25T18:32:00,2018-01-25T18:32:00,51,12
http://irail.be/vehicle/IC19959,http://irail.be/stations/NMBS/008885001,IC,2018-01-25T18:37:00,2018-01-25T18:37:00,,-33
http://irail.be/vehicle/IC19959,http://irail.be/stations/NMBS/008885068,IC,2018-06-11T18:32:00,2018-06-11T18:32:00,186,147
http://irail.be/vehicle/IC19959,http://irail.be/stations/NMBS/008885001,IC,2018-06-11T18:37:00,2018-06-11T18:37:00,,102
http://irail.be/vehicle/IC19959,http://irail.be/stations/NMBS/008885068,IC,2018-06-27T18:32:00,2018-06-27T18:32:00,39,-13
http://irail.be/vehicle/IC19959,http://irail.be/stations/NMBS/008885001,IC,2018-06-27T18:37:00,2018-06-27T18:37:00,,-9
http://irail.be/vehicle/IC19959,http://irail.be/stations/NMBS/008885068,IC,2018-02-21T18:32:00,2018-02-21T18:32:00,135,78
http://irail.be/vehicle/IC19959,http://irail.be/stations/NMBS/008885001,IC,2018-02-21T18:37:00,2018-02-21T18:37:00,,42
http://irail.be/vehicle/IC19959,http://irail.be/stations/NMBS/008885068,IC,2018-11-07T18:32:00,2018-11-07T18:32:00,130,90
http://irail.be/vehicle/IC19959,http://irail.be/stations/NMBS/008885001,IC,2018-11-07T18:37:00,2018-11-07T18:37:00,,153
http://irail.be/vehicle/IC19959,http://irail.be/stations/NMBS/008885068,IC,2018-05-16T18:32:00,2018-05-16T18:32:00,146,96
http://irail.be/vehicle/IC19959,http://irail.be/stations/NMBS/008885001,IC,2018-05-16T18:37:00,2018-05-16T18:37:00,,53
http://irail.be/vehicle/IC19959,http://irail.be/stations/NMBS/008885068,IC,2018-04-06T18:32:00,2018-04-06T18:32:00,237,193
http://irail.be/vehicle/IC19959,http://irail.be/stations/NMBS/008885001,IC,2018-04-06T18:37:00,2018-04-06T18:37:00,,146
http://irail.be/vehicle/IC19959,http://irail.be/stations/NMBS/008885068,IC,2018-02-16T18:32:00,2018-02-16T18:32:00,308,256
http://irail.be/vehicle/IC19959,http://irail.be/stations/NMBS/008885001,IC,2018-02-16T18:37:00,2018-02-16T18:37:00,,230
http://irail.be/vehicle/IC19959,http://irail.be/stations/NMBS/008885068,IC,2018-01-16T18:32:00,2018-01-16T18:32:00,203,109
http://irail.be/vehicle/IC19959,http://irail.be/stations/NMBS/008885001,IC,2018-01-16T18:37:00,2018-01-16T18:37:00,,192
http://irail.be/vehicle/IC19959,http://irail.be/stations/NMBS/008885068,IC,2018-08-07T18:32:00,2018-08-07T18:32:00,1861,1813
http://irail.be/vehicle/IC19959,http://irail.be/stations/NMBS/008885001,IC,2018-08-07T18:37:00,2018-08-07T18:37:00,,1778
http://irail.be/vehicle/IC19959,http://irail.be/stations/NMBS/008885068,IC,2018-11-12T18:32:00,2018-11-12T18:32:00,133,56
http://irail.be/vehicle/IC19959,http://irail.be/stations/NMBS/008885001,IC,2018-11-12T18:37:00,2018-11-12T18:37:00,,70
http://irail.be/vehicle/IC19959,http://irail.be/stations/NMBS/008885068,IC,2018-04-20T18:32:00,2018-04-20T18:32:00,1998,1956
http://irail.be/vehicle/IC19959,http://irail.be/stations/NMBS/008885001,IC,2018-04-20T18:37:00,2018-04-20T18:37:00,,1904
http://irail.be/vehicle/IC19959,http://irail.be/stations/NMBS/008885068,IC,2018-05-18T18:32:00,2018-05-18T18:32:00,663,629
http://irail.be/vehicle/IC19959,http://irail.be/stations/NMBS/008885001,IC,2018-05-18T18:37:00,2018-05-18T18:37:00,,567
http://irail.be/vehicle/IC19959,http://irail.be/stations/NMBS/008885068,IC,2018-05-03T18:32:00,2018-05-03T18:32:00,348,278
http://irail.be/vehicle/IC19959,http://irail.be/stations/NMBS/008885001,IC,2018-05-03T18:37:00,2018-05-03T18:37:00,,265
http://irail.be/vehicle/IC19959,http://irail.be/stations/NMBS/008885068,IC,2018-04-18T18:32:00,2018-04-18T18:32:00,105,62
http://irail.be/vehicle/IC19959,http://irail.be/stations/NMBS/008885001,IC,2018-04-18T18:37:00,2018-04-18T18:37:00,,17
http://irail.be/vehicle/IC19959,http://irail.be/stations/NMBS/008885068,IC,2018-02-15T18:32:00,2018-02-15T18:32:00,204,131
http://irail.be/vehicle/IC19959,http://irail.be/stations/NMBS/008885001,IC,2018-02-15T18:37:00,2018-02-15T18:37:00,,128
http://irail.be/vehicle/IC19959,http://irail.be/stations/NMBS/008885068,IC,2018-12-24T18:32:00,2018-12-24T18:32:00,-12,-33
http://irail.be/vehicle/IC19959,http://irail.be/stations/NMBS/008885001,IC,2018-12-24T18:37:00,2018-12-24T18:37:00,,-75
http://irail.be/vehicle/IC19959,http://irail.be/stations/NMBS/008885068,IC,2018-01-02T18:32:00,2018-01-02T18:32:00,155,86
http://irail.be/vehicle/IC19959,http://irail.be/stations/NMBS/008885001,IC,2018-01-02T18:37:00,2018-01-02T18:37:00,,297
http://irail.be/vehicle/IC19959,http://irail.be/stations/NMBS/008885068,IC,2018-07-09T18:32:00,2018-07-09T18:32:00,93,41
http://irail.be/vehicle/IC19959,http://irail.be/stations/NMBS/008885001,IC,2018-07-09T18:37:00,2018-07-09T18:37:00,,54
http://irail.be/vehicle/IC19959,http://irail.be/stations/NMBS/008885068,IC,2018-08-31T18:32:00,2018-08-31T18:32:00,705,653
http://irail.be/vehicle/IC19959,http://irail.be/stations/NMBS/008885001,IC,2018-08-31T18:37:00,2018-08-31T18:37:00,,662
http://irail.be/vehicle/IC19959,http://irail.be/stations/NMBS/008885068,IC,2018-02-13T18:32:00,2018-02-13T18:32:00,126,75
http://irail.be/vehicle/IC19959,http://irail.be/stations/NMBS/008885001,IC,2018-02-13T18:37:00,2018-02-13T18:37:00,,45
http://irail.be/vehicle/IC19959,http://irail.be/stations/NMBS/008885068,IC,2018-03-27T18:32:00,2018-03-27T18:32:00,211,165
http://irail.be/vehicle/IC19959,http://irail.be/stations/NMBS/008885001,IC,2018-03-27T18:37:00,2018-03-27T18:37:00,,120
http://irail.be/vehicle/IC19959,http://irail.be/stations/NMBS/008885068,IC,2018-08-02T18:32:00,2018-08-02T18:32:00,1203,1019
http://irail.be/vehicle/IC19959,http://irail.be/stations/NMBS/008885001,IC,2018-08-02T18:37:00,2018-08-02T18:37:00,,1358
http://irail.be/vehicle/IC19959,http://irail.be/stations/NMBS/008885068,IC,2018-05-02T18:32:00,2018-05-02T18:32:00,197,158
http://irail.be/vehicle/IC19959,http://irail.be/stations/NMBS/008885001,IC,2018-05-02T18:37:00,2018-05-02T18:37:00,,107
http://irail.be/vehicle/IC19959,http://irail.be/stations/NMBS/008885068,IC,2018-04-10T18:32:00,2018-04-10T18:32:00,141,91
http://irail.be/vehicle/IC19959,http://irail.be/stations/NMBS/008885001,IC,2018-04-10T18:37:00,2018-04-10T18:37:00,,53
http://irail.be/vehicle/IC19959,http://irail.be/stations/NMBS/008885068,IC,2018-10-17T18:32:00,2018-10-17T18:32:00,1034,1001
http://irail.be/vehicle/IC19959,http://irail.be/stations/NMBS/008885001,IC,2018-10-17T18:37:00,2018-10-17T18:37:00,,965
http://irail.be/vehicle/IC19959,http://irail.be/stations/NMBS/008885068,IC,2018-05-30T18:32:00,2018-05-30T18:32:00,177,144
http://irail.be/vehicle/IC19959,http://irail.be/stations/NMBS/008885001,IC,2018-05-30T18:37:00,2018-05-30T18:37:00,,94
http://irail.be/vehicle/IC19959,http://irail.be/stations/NMBS/008885068,IC,2018-07-03T18:32:00,2018-07-03T18:32:00,133,52
http://irail.be/vehicle/IC19959,http://irail.be/stations/NMBS/008885001,IC,2018-07-03T18:37:00,2018-07-03T18:37:00,,67
http://irail.be/vehicle/IC19959,http://irail.be/stations/NMBS/008885068,IC,2018-06-12T18:32:00,2018-06-12T18:32:00,-10,-58
http://irail.be/vehicle/IC19959,http://irail.be/stations/NMBS/008885001,IC,2018-06-12T18:37:00,2018-06-12T18:37:00,,-78
http://irail.be/vehicle/IC19959,http://irail.be/stations/NMBS/008885068,IC,2018-04-13T18:32:00,2018-04-13T18:32:00,433,375
http://irail.be/vehicle/IC19959,http://irail.be/stations/NMBS/008885001,IC,2018-04-13T18:37:00,2018-04-13T18:37:00,,345
http://irail.be/vehicle/IC19959,http://irail.be/stations/NMBS/008885068,IC,2018-10-01T18:32:00,2018-10-01T18:32:00,13,-45
http://irail.be/vehicle/IC19959,http://irail.be/stations/NMBS/008885001,IC,2018-10-01T18:37:00,2018-10-01T18:37:00,,-18
http://irail.be/vehicle/IC19959,http://irail.be/stations/NMBS/008885068,IC,2018-08-29T18:32:00,2018-08-29T18:32:00,68,9
http://irail.be/vehicle/IC19959,http://irail.be/stations/NMBS/008885001,IC,2018-08-29T18:37:00,2018-08-29T18:37:00,,160
http://irail.be/vehicle/IC19959,http://irail.be/stations/NMBS/008885068,IC,2018-02-08T18:32:00,2018-02-08T18:32:00,156,64
http://irail.be/vehicle/IC19959,http://irail.be/stations/NMBS/008885001,IC,2018-02-08T18:37:00,2018-02-08T18:37:00,,68
http://irail.be/vehicle/IC19959,http://irail.be/stations/NMBS/008885068,IC,2018-08-08T18:32:00,2018-08-08T18:32:00,62,18
http://irail.be/vehicle/IC19959,http://irail.be/stations/NMBS/008885001,IC,2018-08-08T18:37:00,2018-08-08T18:37:00,,24
http://irail.be/vehicle/IC19959,http://irail.be/stations/NMBS/008885068,IC,2018-07-05T18:32:00,2018-07-05T18:32:00,197,149
http://irail.be/vehicle/IC19959,http://irail.be/stations/NMBS/008885001,IC,2018-07-05T18:37:00,2018-07-05T18:37:00,,105
http://irail.be/vehicle/IC19959,http://irail.be/stations/NMBS/008885068,IC,2018-06-26T18:32:00,2018-06-26T18:32:00,2,-51
http://irail.be/vehicle/IC19959,http://irail.be/stations/NMBS/008885001,IC,2018-06-26T18:37:00,2018-06-26T18:37:00,,168
http://irail.be/vehicle/IC19959,http://irail.be/stations/NMBS/008885068,IC,2018-04-19T18:32:00,2018-04-19T18:32:00,233,180
http://irail.be/vehicle/IC19959,http://irail.be/stations/NMBS/008885001,IC,2018-04-19T18:37:00,2018-04-19T18:37:00,,145
http://irail.be/vehicle/IC19959,http://irail.be/stations/NMBS/008885068,IC,2018-09-11T18:32:00,2018-09-11T18:32:00,68,14
http://irail.be/vehicle/IC19959,http://irail.be/stations/NMBS/008885001,IC,2018-09-11T18:37:00,2018-09-11T18:37:00,,187
http://irail.be/vehicle/IC19959,http://irail.be/stations/NMBS/008885068,IC,2018-11-14T18:32:00,2018-11-14T18:32:00,211,159
http://irail.be/vehicle/IC19959,http://irail.be/stations/NMBS/008885001,IC,2018-11-14T18:37:00,2018-11-14T18:37:00,,162
http://irail.be/vehicle/IC19959,http://irail.be/stations/NMBS/008885068,IC,2018-01-24T18:32:00,2018-01-24T18:32:00,260,195
http://irail.be/vehicle/IC19959,http://irail.be/stations/NMBS/008885001,IC,2018-01-24T18:37:00,2018-01-24T18:37:00,,185
http://irail.be/vehicle/IC19959,http://irail.be/stations/NMBS/008885068,IC,2018-06-22T18:32:00,2018-06-22T18:32:00,175,14
http://irail.be/vehicle/IC19959,http://irail.be/stations/NMBS/008885001,IC,2018-06-22T18:37:00,2018-06-22T18:37:00,,99
http://irail.be/vehicle/IC19959,http://irail.be/stations/NMBS/008885068,IC,2018-03-07T18:32:00,2018-03-07T18:32:00,105,55
http://irail.be/vehicle/IC19959,http://irail.be/stations/NMBS/008885001,IC,2018-03-07T18:37:00,2018-03-07T18:37:00,,12
http://irail.be/vehicle/IC19959,http://irail.be/stations/NMBS/008885068,IC,2018-10-04T18:32:00,2018-10-04T18:32:00,779,715
http://irail.be/vehicle/IC19959,http://irail.be/stations/NMBS/008885001,IC,2018-10-04T18:37:00,2018-10-04T18:37:00,,706
http://irail.be/vehicle/IC19959,http://irail.be/stations/NMBS/008885068,IC,2018-01-29T18:32:00,2018-01-29T18:32:00,124,55
http://irail.be/vehicle/IC19959,http://irail.be/stations/NMBS/008885001,IC,2018-01-29T18:37:00,2018-01-29T18:37:00,,148
http://irail.be/vehicle/IC19959,http://irail.be/stations/NMBS/008885068,IC,2018-04-25T18:32:00,2018-04-25T18:32:00,134,22
http://irail.be/vehicle/IC19959,http://irail.be/stations/NMBS/008885001,IC,2018-04-25T18:37:00,2018-04-25T18:37:00,,37
http://irail.be/vehicle/IC19959,http://irail.be/stations/NMBS/008885068,IC,2018-01-03T18:32:00,2018-01-03T18:32:00,117,61
http://irail.be/vehicle/IC19959,http://irail.be/stations/NMBS/008885001,IC,2018-01-03T18:37:00,2018-01-03T18:37:00,,24
http://irail.be/vehicle/IC19959,http://irail.be/stations/NMBS/008885068,IC,2018-08-03T18:32:00,2018-08-03T18:32:00,1750,1697
http://irail.be/vehicle/IC19959,http://irail.be/stations/NMBS/008885001,IC,2018-08-03T18:37:00,2018-08-03T18:37:00,,1722
http://irail.be/vehicle/IC19959,http://irail.be/stations/NMBS/008885068,IC,2018-08-20T18:32:00,2018-08-20T18:32:00,-19,-54
http://irail.be/vehicle/IC19959,http://irail.be/stations/NMBS/008885001,IC,2018-08-20T18:37:00,2018-08-20T18:37:00,,-33
http://irail.be/vehicle/IC19959,http://irail.be/stations/NMBS/008885068,IC,2018-10-24T18:32:00,2018-10-24T18:32:00,426,373
http://irail.be/vehicle/IC19959,http://irail.be/stations/NMBS/008885001,IC,2018-10-24T18:37:00,2018-10-24T18:37:00,,359
http://irail.be/vehicle/IC19959,http://irail.be/stations/NMBS/008885068,IC,2018-11-28T18:32:00,2018-11-28T18:32:00,85,38
http://irail.be/vehicle/IC19959,http://irail.be/stations/NMBS/008885001,IC,2018-11-28T18:37:00,2018-11-28T18:37:00,,225
http://irail.be/vehicle/IC19959,http://irail.be/stations/NMBS/008885068,IC,2018-09-07T18:32:00,2018-09-07T18:32:00,336,194
http://irail.be/vehicle/IC19959,http://irail.be/stations/NMBS/008885001,IC,2018-09-07T18:37:00,2018-09-07T18:37:00,,300
http://irail.be/vehicle/IC19959,http://irail.be/stations/NMBS/008885068,IC,2018-05-28T18:32:00,2018-05-28T18:32:00,242,134
http://irail.be/vehicle/IC19959,http://irail.be/stations/NMBS/008885001,IC,2018-05-28T18:37:00,2018-05-28T18:37:00,,161
http://irail.be/vehicle/IC19959,http://irail.be/stations/NMBS/008885068,IC,2018-02-14T18:32:00,2018-02-14T18:32:00,160,96
http://irail.be/vehicle/IC19959,http://irail.be/stations/NMBS/008885001,IC,2018-02-14T18:37:00,2018-02-14T18:37:00,,80
http://irail.be/vehicle/IC19959,http://irail.be/stations/NMBS/008885068,IC,2018-12-20T18:32:00,2018-12-20T18:32:00,1017,968
http://irail.be/vehicle/IC19959,http://irail.be/stations/NMBS/008885001,IC,2018-12-20T18:37:00,2018-12-20T18:37:00,,948
http://irail.be/vehicle/IC19959,http://irail.be/stations/NMBS/008885068,IC,2018-01-31T18:32:00,2018-01-31T18:32:00,62,-7
http://irail.be/vehicle/IC19959,http://irail.be/stations/NMBS/008885001,IC,2018-01-31T18:37:00,2018-01-31T18:37:00,,-33
http://irail.be/vehicle/IC19959,http://irail.be/stations/NMBS/008885068,IC,2018-10-10T18:32:00,2018-10-10T18:32:00,174,120
http://irail.be/vehicle/IC19959,http://irail.be/stations/NMBS/008885001,IC,2018-10-10T18:37:00,2018-10-10T18:37:00,,116
http://irail.be/vehicle/IC19959,http://irail.be/stations/NMBS/008885068,IC,2018-06-06T18:32:00,2018-06-06T18:32:00,3202,3149
http://irail.be/vehicle/IC19959,http://irail.be/stations/NMBS/008885001,IC,2018-06-06T18:37:00,2018-06-06T18:37:00,,3180
http://irail.be/vehicle/IC19959,http://irail.be/stations/NMBS/008885068,IC,2018-04-16T18:32:00,2018-04-16T18:32:00,253,194
http://irail.be/vehicle/IC19959,http://irail.be/stations/NMBS/008885001,IC,2018-04-16T18:37:00,2018-04-16T18:37:00,,177
http://irail.be/vehicle/IC19959,http://irail.be/stations/NMBS/008885068,IC,2018-09-24T18:32:00,2018-09-24T18:32:00,135,51
http://irail.be/vehicle/IC19959,http://irail.be/stations/NMBS/008885001,IC,2018-09-24T18:37:00,2018-09-24T18:37:00,,52
http://irail.be/vehicle/IC19959,http://irail.be/stations/NMBS/008885068,IC,2018-02-22T18:32:00,2018-02-22T18:32:00,136,92
http://irail.be/vehicle/IC19959,http://irail.be/stations/NMBS/008885001,IC,2018-02-22T18:37:00,2018-02-22T18:37:00,,49
http://irail.be/vehicle/IC19959,http://irail.be/stations/NMBS/008885068,IC,2018-09-21T18:32:00,2018-09-21T18:32:00,86,37
http://irail.be/vehicle/IC19959,http://irail.be/stations/NMBS/008885001,IC,2018-09-21T18:37:00,2018-09-21T18:37:00,,404
http://irail.be/vehicle/IC19959,http://irail.be/stations/NMBS/008885068,IC,2018-12-10T18:32:00,2018-12-10T18:32:00,717,643
http://irail.be/vehicle/IC19959,http://irail.be/stations/NMBS/008885001,IC,2018-12-10T18:37:00,2018-12-10T18:37:00,,786
http://irail.be/vehicle/IC19959,http://irail.be/stations/NMBS/008885068,IC,2018-12-21T18:32:00,2018-12-21T18:32:00,212,135
http://irail.be/vehicle/IC19959,http://irail.be/stations/NMBS/008885001,IC,2018-12-21T18:37:00,2018-12-21T18:37:00,,223
http://irail.be/vehicle/IC19959,http://irail.be/stations/NMBS/008885068,IC,2018-11-19T18:32:00,2018-11-19T18:32:00,371,330
http://irail.be/vehicle/IC19959,http://irail.be/stations/NMBS/008885001,IC,2018-11-19T18:37:00,2018-11-19T18:37:00,,297
http://irail.be/vehicle/IC19959,http://irail.be/stations/NMBS/008885068,IC,2018-05-24T18:32:00,2018-05-24T18:32:00,217,187
http://irail.be/vehicle/IC19959,http://irail.be/stations/NMBS/008885001,IC,2018-05-24T18:37:00,2018-05-24T18:37:00,,124
http://irail.be/vehicle/IC19959,http://irail.be/stations/NMBS/008885068,IC,2018-02-02T18:32:00,2018-02-02T18:32:00,572,516
http://irail.be/vehicle/IC19959,http://irail.be/stations/NMBS/008885001,IC,2018-02-02T18:37:00,2018-02-02T18:37:00,,520
http://irail.be/vehicle/IC19959,http://irail.be/stations/NMBS/008885068,IC,2018-09-27T18:32:00,2018-09-27T18:32:00,446,182
http://irail.be/vehicle/IC19959,http://irail.be/stations/NMBS/008885001,IC,2018-09-27T18:37:00,2018-09-27T18:37:00,,392
http://irail.be/vehicle/IC19959,http://irail.be/stations/NMBS/008885068,IC,2018-11-09T18:32:00,2018-11-09T18:32:00,207,166
http://irail.be/vehicle/IC19959,http://irail.be/stations/NMBS/008885001,IC,2018-11-09T18:37:00,2018-11-09T18:37:00,,140
http://irail.be/vehicle/IC19959,http://irail.be/stations/NMBS/008885068,IC,2018-03-21T18:32:00,2018-03-21T18:32:00,77,31
http://irail.be/vehicle/IC19959,http://irail.be/stations/NMBS/008885001,IC,2018-03-21T18:37:00,2018-03-21T18:37:00,,50
http://irail.be/vehicle/IC19959,http://irail.be/stations/NMBS/008885068,IC,2018-10-02T18:32:00,2018-10-02T18:32:00,121,21
http://irail.be/vehicle/IC19959,http://irail.be/stations/NMBS/008885001,IC,2018-10-02T18:37:00,2018-10-02T18:37:00,,60
http://irail.be/vehicle/IC19959,http://irail.be/stations/NMBS/008885068,IC,2018-04-30T18:32:00,2018-04-30T18:32:00,108,73
http://irail.be/vehicle/IC19959,http://irail.be/stations/NMBS/008885001,IC,2018-04-30T18:37:00,2018-04-30T18:37:00,,27
http://irail.be/vehicle/IC19959,http://irail.be/stations/NMBS/008885068,IC,2018-08-23T18:32:00,2018-08-23T18:32:00,391,320
http://irail.be/vehicle/IC19959,http://irail.be/stations/NMBS/008885001,IC,2018-08-23T18:37:00,2018-08-23T18:37:00,,335
http://irail.be/vehicle/IC19959,http://irail.be/stations/NMBS/008885068,IC,2018-08-16T18:33:00,2018-08-16T18:33:00,172,87
http://irail.be/vehicle/IC19959,http://irail.be/stations/NMBS/008885001,IC,2018-08-16T18:37:00,2018-08-16T18:37:00,,194
http://irail.be/vehicle/IC19959,http://irail.be/stations/NMBS/008885068,IC,2018-10-12T18:32:00,2018-10-12T18:32:00,177,92
http://irail.be/vehicle/IC19959,http://irail.be/stations/NMBS/008885001,IC,2018-10-12T18:37:00,2018-10-12T18:37:00,,137
http://irail.be/vehicle/IC19959,http://irail.be/stations/NMBS/008885068,IC,2018-08-30T18:32:00,2018-08-30T18:32:00,136,92
http://irail.be/vehicle/IC19959,http://irail.be/stations/NMBS/008885001,IC,2018-08-30T18:37:00,2018-08-30T18:37:00,,97
http://irail.be/vehicle/IC19959,http://irail.be/stations/NMBS/008885068,IC,2018-08-27T18:32:00,2018-08-27T18:32:00,98,46
http://irail.be/vehicle/IC19959,http://irail.be/stations/NMBS/008885001,IC,2018-08-27T18:37:00,2018-08-27T18:37:00,,98
http://irail.be/vehicle/IC19959,http://irail.be/stations/NMBS/008885068,IC,2018-01-18T18:32:00,2018-01-18T18:32:00,58,5
http://irail.be/vehicle/IC19959,http://irail.be/stations/NMBS/008885001,IC,2018-01-18T18:37:00,2018-01-18T18:37:00,,-33
http://irail.be/vehicle/IC19959,http://irail.be/stations/NMBS/008885068,IC,2018-11-13T18:32:00,2018-11-13T18:32:00,121,36
http://irail.be/vehicle/IC19959,http://irail.be/stations/NMBS/008885001,IC,2018-11-13T18:37:00,2018-11-13T18:37:00,,55
http://irail.be/vehicle/IC19959,http://irail.be/stations/NMBS/008885068,IC,2018-12-19T18:32:00,2018-12-19T18:32:00,135,83
http://irail.be/vehicle/IC19959,http://irail.be/stations/NMBS/008885001,IC,2018-12-19T18:37:00,2018-12-19T18:37:00,,142
http://irail.be/vehicle/IC19959,http://irail.be/stations/NMBS/008885068,IC,2018-12-18T18:32:00,2018-12-18T18:32:00,168,129
http://irail.be/vehicle/IC19959,http://irail.be/stations/NMBS/008885001,IC,2018-12-18T18:37:00,2018-12-18T18:37:00,,89
http://irail.be/vehicle/IC19959,http://irail.be/stations/NMBS/008885068,IC,2018-12-04T18:32:00,2018-12-04T18:32:00,597,556
http://irail.be/vehicle/IC19959,http://irail.be/stations/NMBS/008885001,IC,2018-12-04T18:37:00,2018-12-04T18:37:00,,526
http://irail.be/vehicle/IC19959,http://irail.be/stations/NMBS/008885068,IC,2018-07-17T18:32:00,2018-07-17T18:32:00,165,67
http://irail.be/vehicle/IC19959,http://irail.be/stations/NMBS/008885001,IC,2018-07-17T18:37:00,2018-07-17T18:37:00,,169
http://irail.be/vehicle/IC19959,http://irail.be/stations/NMBS/008885068,IC,2018-09-05T18:32:00,2018-09-05T18:32:00,161,82
http://irail.be/vehicle/IC19959,http://irail.be/stations/NMBS/008885001,IC,2018-09-05T18:37:00,2018-09-05T18:37:00,,95
http://irail.be/vehicle/IC19959,http://irail.be/stations/NMBS/008885068,IC,2018-07-24T18:32:00,2018-07-24T18:32:00,1340,1291
http://irail.be/vehicle/IC19959,http://irail.be/stations/NMBS/008885001,IC,2018-07-24T18:37:00,2018-07-24T18:37:00,,1256
http://irail.be/vehicle/IC19959,http://irail.be/stations/NMBS/008885068,IC,2018-09-18T18:32:00,2018-09-18T18:32:00,33,-71
http://irail.be/vehicle/IC19959,http://irail.be/stations/NMBS/008885001,IC,2018-09-18T18:37:00,2018-09-18T18:37:00,,-2
