http://irail.be/vehicle/L2082,http://irail.be/stations/NMBS/008895000,L,2018-12-14T11:07:00,2018-12-14T11:07:00,20,
http://irail.be/vehicle/L2082,http://irail.be/stations/NMBS/008895091,L,2018-12-14T11:11:00,2018-12-14T11:10:00,32,45
http://irail.be/vehicle/L2082,http://irail.be/stations/NMBS/008895802,L,2018-12-14T11:21:00,2018-12-14T11:15:00,28,39
http://irail.be/vehicle/L2082,http://irail.be/stations/NMBS/008895836,L,2018-12-14T11:25:00,2018-12-14T11:24:00,6,6
http://irail.be/vehicle/L2082,http://irail.be/stations/NMBS/008812260,L,2018-12-14T11:27:00,2018-12-14T11:27:00,-67,-67
http://irail.be/vehicle/L2082,http://irail.be/stations/NMBS/008812252,L,2018-12-14T11:31:00,2018-12-14T11:30:00,16,-25
http://irail.be/vehicle/L2082,http://irail.be/stations/NMBS/008812245,L,2018-12-14T11:34:00,2018-12-14T11:34:00,45,12
http://irail.be/vehicle/L2082,http://irail.be/stations/NMBS/008812237,L,2018-12-14T11:38:00,2018-12-14T11:37:00,45,45
http://irail.be/vehicle/L2082,http://irail.be/stations/NMBS/008812229,L,2018-12-14T11:41:00,2018-12-14T11:41:00,-17,-17
http://irail.be/vehicle/L2082,http://irail.be/stations/NMBS/008812211,L,2018-12-14T11:43:00,2018-12-14T11:43:00,14,14
http://irail.be/vehicle/L2082,http://irail.be/stations/NMBS/008812047,L,2018-12-14T11:47:00,2018-12-14T11:46:00,57,14
http://irail.be/vehicle/L2082,http://irail.be/stations/NMBS/008812021,L,2018-12-14T11:49:00,2018-12-14T11:49:00,119,119
http://irail.be/vehicle/L2082,http://irail.be/stations/NMBS/008812005,L,2018-12-14T11:55:00,2018-12-14T11:53:00,120,95
http://irail.be/vehicle/L2082,http://irail.be/stations/NMBS/008813045,L,2018-12-14T11:57:00,2018-12-14T11:57:00,110,110
http://irail.be/vehicle/L2082,http://irail.be/stations/NMBS/008813003,L,2018-12-14T11:59:00,2018-12-14T11:58:00,133,136
http://irail.be/vehicle/L2082,http://irail.be/stations/NMBS/008813037,L,2018-12-14T12:00:00,2018-12-14T12:00:00,133,133
http://irail.be/vehicle/L2082,http://irail.be/stations/NMBS/008814001,L,2018-12-14T12:03:00,2018-12-14T12:03:00,,128
http://irail.be/vehicle/L2082,http://irail.be/stations/NMBS/008895000,L,2018-12-13T11:07:00,2018-12-13T11:07:00,34,
http://irail.be/vehicle/L2082,http://irail.be/stations/NMBS/008895091,L,2018-12-13T11:11:00,2018-12-13T11:10:00,14,36
http://irail.be/vehicle/L2082,http://irail.be/stations/NMBS/008895802,L,2018-12-13T11:21:00,2018-12-13T11:15:00,5,2
http://irail.be/vehicle/L2082,http://irail.be/stations/NMBS/008895836,L,2018-12-13T11:25:00,2018-12-13T11:24:00,-36,-22
http://irail.be/vehicle/L2082,http://irail.be/stations/NMBS/008812260,L,2018-12-13T11:27:00,2018-12-13T11:27:00,-36,-36
http://irail.be/vehicle/L2082,http://irail.be/stations/NMBS/008812252,L,2018-12-13T11:31:00,2018-12-13T11:30:00,5,19
http://irail.be/vehicle/L2082,http://irail.be/stations/NMBS/008812245,L,2018-12-13T11:34:00,2018-12-13T11:34:00,24,0
http://irail.be/vehicle/L2082,http://irail.be/stations/NMBS/008812237,L,2018-12-13T11:38:00,2018-12-13T11:37:00,-3,24
http://irail.be/vehicle/L2082,http://irail.be/stations/NMBS/008812229,L,2018-12-13T11:41:00,2018-12-13T11:41:00,-3,-3
http://irail.be/vehicle/L2082,http://irail.be/stations/NMBS/008812211,L,2018-12-13T11:43:00,2018-12-13T11:43:00,10,10
http://irail.be/vehicle/L2082,http://irail.be/stations/NMBS/008812047,L,2018-12-13T11:47:00,2018-12-13T11:46:00,35,10
http://irail.be/vehicle/L2082,http://irail.be/stations/NMBS/008812021,L,2018-12-13T11:49:00,2018-12-13T11:49:00,51,51
http://irail.be/vehicle/L2082,http://irail.be/stations/NMBS/008812005,L,2018-12-13T11:55:00,2018-12-13T11:53:00,49,21
http://irail.be/vehicle/L2082,http://irail.be/stations/NMBS/008813045,L,2018-12-13T11:57:00,2018-12-13T11:57:00,41,41
http://irail.be/vehicle/L2082,http://irail.be/stations/NMBS/008813003,L,2018-12-13T11:59:00,2018-12-13T11:58:00,60,60
http://irail.be/vehicle/L2082,http://irail.be/stations/NMBS/008813037,L,2018-12-13T12:00:00,2018-12-13T12:00:00,60,60
http://irail.be/vehicle/L2082,http://irail.be/stations/NMBS/008814001,L,2018-12-13T12:03:00,2018-12-13T12:03:00,,81
http://irail.be/vehicle/L2082,http://irail.be/stations/NMBS/008895000,L,2018-12-22T11:06:00,2018-12-22T11:06:00,12,
http://irail.be/vehicle/L2082,http://irail.be/stations/NMBS/008895091,L,2018-12-22T11:10:00,2018-12-22T11:09:00,-9,2
http://irail.be/vehicle/L2082,http://irail.be/stations/NMBS/008895802,L,2018-12-22T11:21:00,2018-12-22T11:14:00,14,-20
http://irail.be/vehicle/L2082,http://irail.be/stations/NMBS/008895836,L,2018-12-22T11:25:00,2018-12-22T11:24:00,-47,4
http://irail.be/vehicle/L2082,http://irail.be/stations/NMBS/008812260,L,2018-12-22T11:27:00,2018-12-22T11:27:00,-47,-47
http://irail.be/vehicle/L2082,http://irail.be/stations/NMBS/008812252,L,2018-12-22T11:31:00,2018-12-22T11:30:00,-1,2
http://irail.be/vehicle/L2082,http://irail.be/stations/NMBS/008812245,L,2018-12-22T11:34:00,2018-12-22T11:34:00,12,-7
http://irail.be/vehicle/L2082,http://irail.be/stations/NMBS/008812237,L,2018-12-22T11:38:00,2018-12-22T11:37:00,2,12
http://irail.be/vehicle/L2082,http://irail.be/stations/NMBS/008812229,L,2018-12-22T11:41:00,2018-12-22T11:41:00,2,2
http://irail.be/vehicle/L2082,http://irail.be/stations/NMBS/008812211,L,2018-12-22T11:43:00,2018-12-22T11:43:00,11,11
http://irail.be/vehicle/L2082,http://irail.be/stations/NMBS/008812047,L,2018-12-22T11:47:00,2018-12-22T11:46:00,16,11
http://irail.be/vehicle/L2082,http://irail.be/stations/NMBS/008812021,L,2018-12-22T11:49:00,2018-12-22T11:49:00,49,49
http://irail.be/vehicle/L2082,http://irail.be/stations/NMBS/008812005,L,2018-12-22T11:55:00,2018-12-22T11:53:00,5,21
http://irail.be/vehicle/L2082,http://irail.be/stations/NMBS/008813045,L,2018-12-22T11:57:00,2018-12-22T11:57:00,-1,-1
http://irail.be/vehicle/L2082,http://irail.be/stations/NMBS/008813003,L,2018-12-22T11:59:00,2018-12-22T11:58:00,59,67
http://irail.be/vehicle/L2082,http://irail.be/stations/NMBS/008813037,L,2018-12-22T12:00:00,2018-12-22T12:00:00,59,59
http://irail.be/vehicle/L2082,http://irail.be/stations/NMBS/008814001,L,2018-12-22T12:03:00,2018-12-22T12:03:00,,61
http://irail.be/vehicle/L2082,http://irail.be/stations/NMBS/008895000,L,2018-12-27T11:07:00,2018-12-27T11:07:00,33,
http://irail.be/vehicle/L2082,http://irail.be/stations/NMBS/008895091,L,2018-12-27T11:11:00,2018-12-27T11:10:00,24,48
http://irail.be/vehicle/L2082,http://irail.be/stations/NMBS/008895802,L,2018-12-27T11:21:00,2018-12-27T11:15:00,-6,19
http://irail.be/vehicle/L2082,http://irail.be/stations/NMBS/008895836,L,2018-12-27T11:25:00,2018-12-27T11:24:00,-43,-26
http://irail.be/vehicle/L2082,http://irail.be/stations/NMBS/008812260,L,2018-12-27T11:27:00,2018-12-27T11:27:00,-43,-43
http://irail.be/vehicle/L2082,http://irail.be/stations/NMBS/008812252,L,2018-12-27T11:31:00,2018-12-27T11:30:00,8,12
http://irail.be/vehicle/L2082,http://irail.be/stations/NMBS/008812245,L,2018-12-27T11:34:00,2018-12-27T11:34:00,25,7
http://irail.be/vehicle/L2082,http://irail.be/stations/NMBS/008812237,L,2018-12-27T11:38:00,2018-12-27T11:37:00,-6,25
http://irail.be/vehicle/L2082,http://irail.be/stations/NMBS/008812229,L,2018-12-27T11:41:00,2018-12-27T11:41:00,-6,-6
http://irail.be/vehicle/L2082,http://irail.be/stations/NMBS/008812211,L,2018-12-27T11:43:00,2018-12-27T11:43:00,7,7
http://irail.be/vehicle/L2082,http://irail.be/stations/NMBS/008812047,L,2018-12-27T11:47:00,2018-12-27T11:46:00,-5,7
http://irail.be/vehicle/L2082,http://irail.be/stations/NMBS/008812021,L,2018-12-27T11:49:00,2018-12-27T11:49:00,13,13
http://irail.be/vehicle/L2082,http://irail.be/stations/NMBS/008812005,L,2018-12-27T11:55:00,2018-12-27T11:53:00,-12,-19
http://irail.be/vehicle/L2082,http://irail.be/stations/NMBS/008813045,L,2018-12-27T11:57:00,2018-12-27T11:57:00,-19,-19
http://irail.be/vehicle/L2082,http://irail.be/stations/NMBS/008813003,L,2018-12-27T11:59:00,2018-12-27T11:58:00,2,3
http://irail.be/vehicle/L2082,http://irail.be/stations/NMBS/008813037,L,2018-12-27T12:00:00,2018-12-27T12:00:00,2,2
http://irail.be/vehicle/L2082,http://irail.be/stations/NMBS/008814001,L,2018-12-27T12:03:00,2018-12-27T12:03:00,,-7
http://irail.be/vehicle/L2082,http://irail.be/stations/NMBS/008895000,L,2018-12-12T11:07:00,2018-12-12T11:07:00,59,
http://irail.be/vehicle/L2082,http://irail.be/stations/NMBS/008895091,L,2018-12-12T11:11:00,2018-12-12T11:10:00,100,131
http://irail.be/vehicle/L2082,http://irail.be/stations/NMBS/008895802,L,2018-12-12T11:21:00,2018-12-12T11:15:00,10,98
http://irail.be/vehicle/L2082,http://irail.be/stations/NMBS/008895836,L,2018-12-12T11:25:00,2018-12-12T11:24:00,-16,12
http://irail.be/vehicle/L2082,http://irail.be/stations/NMBS/008812260,L,2018-12-12T11:27:00,2018-12-12T11:27:00,-16,-16
http://irail.be/vehicle/L2082,http://irail.be/stations/NMBS/008812252,L,2018-12-12T11:31:00,2018-12-12T11:30:00,131,43
http://irail.be/vehicle/L2082,http://irail.be/stations/NMBS/008812245,L,2018-12-12T11:34:00,2018-12-12T11:34:00,152,132
http://irail.be/vehicle/L2082,http://irail.be/stations/NMBS/008812237,L,2018-12-12T11:38:00,2018-12-12T11:37:00,152,152
http://irail.be/vehicle/L2082,http://irail.be/stations/NMBS/008812229,L,2018-12-12T11:41:00,2018-12-12T11:41:00,86,86
http://irail.be/vehicle/L2082,http://irail.be/stations/NMBS/008812211,L,2018-12-12T11:43:00,2018-12-12T11:43:00,101,101
http://irail.be/vehicle/L2082,http://irail.be/stations/NMBS/008812047,L,2018-12-12T11:47:00,2018-12-12T11:46:00,114,101
http://irail.be/vehicle/L2082,http://irail.be/stations/NMBS/008812021,L,2018-12-12T11:49:00,2018-12-12T11:49:00,135,135
http://irail.be/vehicle/L2082,http://irail.be/stations/NMBS/008812005,L,2018-12-12T11:55:00,2018-12-12T11:53:00,44,110
http://irail.be/vehicle/L2082,http://irail.be/stations/NMBS/008813045,L,2018-12-12T11:57:00,2018-12-12T11:57:00,39,39
http://irail.be/vehicle/L2082,http://irail.be/stations/NMBS/008813003,L,2018-12-12T11:59:00,2018-12-12T11:58:00,78,79
http://irail.be/vehicle/L2082,http://irail.be/stations/NMBS/008813037,L,2018-12-12T12:00:00,2018-12-12T12:00:00,78,78
http://irail.be/vehicle/L2082,http://irail.be/stations/NMBS/008814001,L,2018-12-12T12:03:00,2018-12-12T12:03:00,,78
http://irail.be/vehicle/L2082,http://irail.be/stations/NMBS/008895000,L,2018-12-11T11:07:00,2018-12-11T11:07:00,41,
http://irail.be/vehicle/L2082,http://irail.be/stations/NMBS/008895091,L,2018-12-11T11:11:00,2018-12-11T11:10:00,34,58
http://irail.be/vehicle/L2082,http://irail.be/stations/NMBS/008895802,L,2018-12-11T11:21:00,2018-12-11T11:15:00,19,17
http://irail.be/vehicle/L2082,http://irail.be/stations/NMBS/008895836,L,2018-12-11T11:25:00,2018-12-11T11:24:00,-33,22
http://irail.be/vehicle/L2082,http://irail.be/stations/NMBS/008812260,L,2018-12-11T11:27:00,2018-12-11T11:27:00,-33,-33
http://irail.be/vehicle/L2082,http://irail.be/stations/NMBS/008812252,L,2018-12-11T11:31:00,2018-12-11T11:30:00,17,16
http://irail.be/vehicle/L2082,http://irail.be/stations/NMBS/008812245,L,2018-12-11T11:34:00,2018-12-11T11:34:00,51,11
http://irail.be/vehicle/L2082,http://irail.be/stations/NMBS/008812237,L,2018-12-11T11:38:00,2018-12-11T11:37:00,30,51
http://irail.be/vehicle/L2082,http://irail.be/stations/NMBS/008812229,L,2018-12-11T11:41:00,2018-12-11T11:41:00,30,30
http://irail.be/vehicle/L2082,http://irail.be/stations/NMBS/008812211,L,2018-12-11T11:43:00,2018-12-11T11:43:00,57,57
http://irail.be/vehicle/L2082,http://irail.be/stations/NMBS/008812047,L,2018-12-11T11:47:00,2018-12-11T11:46:00,77,57
http://irail.be/vehicle/L2082,http://irail.be/stations/NMBS/008812021,L,2018-12-11T11:49:00,2018-12-11T11:49:00,96,96
http://irail.be/vehicle/L2082,http://irail.be/stations/NMBS/008812005,L,2018-12-11T11:55:00,2018-12-11T11:53:00,4,66
http://irail.be/vehicle/L2082,http://irail.be/stations/NMBS/008813045,L,2018-12-11T11:57:00,2018-12-11T11:57:00,0,0
http://irail.be/vehicle/L2082,http://irail.be/stations/NMBS/008813003,L,2018-12-11T11:59:00,2018-12-11T11:58:00,23,24
http://irail.be/vehicle/L2082,http://irail.be/stations/NMBS/008813037,L,2018-12-11T12:00:00,2018-12-11T12:00:00,23,23
http://irail.be/vehicle/L2082,http://irail.be/stations/NMBS/008814001,L,2018-12-11T12:03:00,2018-12-11T12:03:00,,19
http://irail.be/vehicle/L2082,http://irail.be/stations/NMBS/008895000,L,2018-12-28T11:07:00,2018-12-28T11:07:00,28,
http://irail.be/vehicle/L2082,http://irail.be/stations/NMBS/008895091,L,2018-12-28T11:11:00,2018-12-28T11:10:00,8,31
http://irail.be/vehicle/L2082,http://irail.be/stations/NMBS/008895802,L,2018-12-28T11:21:00,2018-12-28T11:15:00,12,7
http://irail.be/vehicle/L2082,http://irail.be/stations/NMBS/008895836,L,2018-12-28T11:25:00,2018-12-28T11:24:00,-6,-6
http://irail.be/vehicle/L2082,http://irail.be/stations/NMBS/008812260,L,2018-12-28T11:27:00,2018-12-28T11:27:00,-81,-81
http://irail.be/vehicle/L2082,http://irail.be/stations/NMBS/008812252,L,2018-12-28T11:31:00,2018-12-28T11:30:00,70,28
http://irail.be/vehicle/L2082,http://irail.be/stations/NMBS/008812245,L,2018-12-28T11:34:00,2018-12-28T11:34:00,135,77
http://irail.be/vehicle/L2082,http://irail.be/stations/NMBS/008812237,L,2018-12-28T11:38:00,2018-12-28T11:37:00,135,135
http://irail.be/vehicle/L2082,http://irail.be/stations/NMBS/008812229,L,2018-12-28T11:41:00,2018-12-28T11:41:00,72,72
http://irail.be/vehicle/L2082,http://irail.be/stations/NMBS/008812211,L,2018-12-28T11:43:00,2018-12-28T11:43:00,78,78
http://irail.be/vehicle/L2082,http://irail.be/stations/NMBS/008812047,L,2018-12-28T11:47:00,2018-12-28T11:46:00,84,78
http://irail.be/vehicle/L2082,http://irail.be/stations/NMBS/008812021,L,2018-12-28T11:49:00,2018-12-28T11:49:00,101,101
http://irail.be/vehicle/L2082,http://irail.be/stations/NMBS/008812005,L,2018-12-28T11:55:00,2018-12-28T11:53:00,20,92
http://irail.be/vehicle/L2082,http://irail.be/stations/NMBS/008813045,L,2018-12-28T11:57:00,2018-12-28T11:57:00,11,11
http://irail.be/vehicle/L2082,http://irail.be/stations/NMBS/008813003,L,2018-12-28T11:59:00,2018-12-28T11:58:00,25,31
http://irail.be/vehicle/L2082,http://irail.be/stations/NMBS/008813037,L,2018-12-28T12:00:00,2018-12-28T12:00:00,25,25
http://irail.be/vehicle/L2082,http://irail.be/stations/NMBS/008814001,L,2018-12-28T12:03:00,2018-12-28T12:03:00,,15
http://irail.be/vehicle/L2082,http://irail.be/stations/NMBS/008895000,L,2018-12-30T11:06:00,2018-12-30T11:06:00,12,
http://irail.be/vehicle/L2082,http://irail.be/stations/NMBS/008895091,L,2018-12-30T11:10:00,2018-12-30T11:09:00,16,21
http://irail.be/vehicle/L2082,http://irail.be/stations/NMBS/008895802,L,2018-12-30T11:21:00,2018-12-30T11:14:00,7,17
http://irail.be/vehicle/L2082,http://irail.be/stations/NMBS/008895836,L,2018-12-30T11:25:00,2018-12-30T11:24:00,-51,-21
http://irail.be/vehicle/L2082,http://irail.be/stations/NMBS/008812260,L,2018-12-30T11:27:00,2018-12-30T11:27:00,-51,-51
http://irail.be/vehicle/L2082,http://irail.be/stations/NMBS/008812252,L,2018-12-30T11:31:00,2018-12-30T11:30:00,19,4
http://irail.be/vehicle/L2082,http://irail.be/stations/NMBS/008812245,L,2018-12-30T11:34:00,2018-12-30T11:34:00,72,16
http://irail.be/vehicle/L2082,http://irail.be/stations/NMBS/008812237,L,2018-12-30T11:38:00,2018-12-30T11:37:00,18,72
http://irail.be/vehicle/L2082,http://irail.be/stations/NMBS/008812229,L,2018-12-30T11:41:00,2018-12-30T11:41:00,18,18
http://irail.be/vehicle/L2082,http://irail.be/stations/NMBS/008812211,L,2018-12-30T11:43:00,2018-12-30T11:43:00,41,41
http://irail.be/vehicle/L2082,http://irail.be/stations/NMBS/008812047,L,2018-12-30T11:47:00,2018-12-30T11:46:00,38,41
http://irail.be/vehicle/L2082,http://irail.be/stations/NMBS/008812021,L,2018-12-30T11:49:00,2018-12-30T11:49:00,67,67
http://irail.be/vehicle/L2082,http://irail.be/stations/NMBS/008812005,L,2018-12-30T11:55:00,2018-12-30T11:53:00,-17,41
http://irail.be/vehicle/L2082,http://irail.be/stations/NMBS/008813045,L,2018-12-30T11:57:00,2018-12-30T11:57:00,-20,-20
http://irail.be/vehicle/L2082,http://irail.be/stations/NMBS/008813003,L,2018-12-30T11:59:00,2018-12-30T11:58:00,21,17
http://irail.be/vehicle/L2082,http://irail.be/stations/NMBS/008813037,L,2018-12-30T12:00:00,2018-12-30T12:00:00,21,21
http://irail.be/vehicle/L2082,http://irail.be/stations/NMBS/008814001,L,2018-12-30T12:03:00,2018-12-30T12:03:00,,16
http://irail.be/vehicle/L2082,http://irail.be/stations/NMBS/008895000,L,2018-12-25T11:06:00,2018-12-25T11:06:00,29,
http://irail.be/vehicle/L2082,http://irail.be/stations/NMBS/008895091,L,2018-12-25T11:10:00,2018-12-25T11:09:00,1,38
http://irail.be/vehicle/L2082,http://irail.be/stations/NMBS/008895802,L,2018-12-25T11:21:00,2018-12-25T11:14:00,10,1
http://irail.be/vehicle/L2082,http://irail.be/stations/NMBS/008895836,L,2018-12-25T11:25:00,2018-12-25T11:24:00,-18,-6
http://irail.be/vehicle/L2082,http://irail.be/stations/NMBS/008812260,L,2018-12-25T11:27:00,2018-12-25T11:27:00,-18,-18
http://irail.be/vehicle/L2082,http://irail.be/stations/NMBS/008812252,L,2018-12-25T11:31:00,2018-12-25T11:30:00,24,44
http://irail.be/vehicle/L2082,http://irail.be/stations/NMBS/008812245,L,2018-12-25T11:34:00,2018-12-25T11:34:00,61,25
http://irail.be/vehicle/L2082,http://irail.be/stations/NMBS/008812237,L,2018-12-25T11:38:00,2018-12-25T11:37:00,15,61
http://irail.be/vehicle/L2082,http://irail.be/stations/NMBS/008812229,L,2018-12-25T11:41:00,2018-12-25T11:41:00,15,15
http://irail.be/vehicle/L2082,http://irail.be/stations/NMBS/008812211,L,2018-12-25T11:43:00,2018-12-25T11:43:00,31,31
http://irail.be/vehicle/L2082,http://irail.be/stations/NMBS/008812047,L,2018-12-25T11:47:00,2018-12-25T11:46:00,52,31
http://irail.be/vehicle/L2082,http://irail.be/stations/NMBS/008812021,L,2018-12-25T11:49:00,2018-12-25T11:49:00,91,91
http://irail.be/vehicle/L2082,http://irail.be/stations/NMBS/008812005,L,2018-12-25T11:55:00,2018-12-25T11:53:00,49,54
http://irail.be/vehicle/L2082,http://irail.be/stations/NMBS/008813045,L,2018-12-25T11:57:00,2018-12-25T11:57:00,38,38
http://irail.be/vehicle/L2082,http://irail.be/stations/NMBS/008813003,L,2018-12-25T11:59:00,2018-12-25T11:58:00,51,57
http://irail.be/vehicle/L2082,http://irail.be/stations/NMBS/008813037,L,2018-12-25T12:00:00,2018-12-25T12:00:00,51,51
http://irail.be/vehicle/L2082,http://irail.be/stations/NMBS/008814001,L,2018-12-25T12:03:00,2018-12-25T12:03:00,,42
http://irail.be/vehicle/L2082,http://irail.be/stations/NMBS/008895000,L,2018-12-17T11:07:00,2018-12-17T11:07:00,21,
http://irail.be/vehicle/L2082,http://irail.be/stations/NMBS/008895091,L,2018-12-17T11:11:00,2018-12-17T11:10:00,0,25
http://irail.be/vehicle/L2082,http://irail.be/stations/NMBS/008895802,L,2018-12-17T11:21:00,2018-12-17T11:15:00,23,-6
http://irail.be/vehicle/L2082,http://irail.be/stations/NMBS/008895836,L,2018-12-17T11:25:00,2018-12-17T11:24:00,-31,12
http://irail.be/vehicle/L2082,http://irail.be/stations/NMBS/008812260,L,2018-12-17T11:27:00,2018-12-17T11:27:00,-31,-31
http://irail.be/vehicle/L2082,http://irail.be/stations/NMBS/008812252,L,2018-12-17T11:31:00,2018-12-17T11:30:00,-3,12
http://irail.be/vehicle/L2082,http://irail.be/stations/NMBS/008812245,L,2018-12-17T11:34:00,2018-12-17T11:34:00,16,-7
http://irail.be/vehicle/L2082,http://irail.be/stations/NMBS/008812237,L,2018-12-17T11:38:00,2018-12-17T11:37:00,-32,16
http://irail.be/vehicle/L2082,http://irail.be/stations/NMBS/008812229,L,2018-12-17T11:41:00,2018-12-17T11:41:00,-32,-32
http://irail.be/vehicle/L2082,http://irail.be/stations/NMBS/008812211,L,2018-12-17T11:43:00,2018-12-17T11:43:00,-12,-12
http://irail.be/vehicle/L2082,http://irail.be/stations/NMBS/008812047,L,2018-12-17T11:47:00,2018-12-17T11:46:00,11,-12
http://irail.be/vehicle/L2082,http://irail.be/stations/NMBS/008812021,L,2018-12-17T11:49:00,2018-12-17T11:49:00,39,39
http://irail.be/vehicle/L2082,http://irail.be/stations/NMBS/008812005,L,2018-12-17T11:55:00,2018-12-17T11:53:00,100,8
http://irail.be/vehicle/L2082,http://irail.be/stations/NMBS/008813045,L,2018-12-17T11:57:00,2018-12-17T11:57:00,92,92
http://irail.be/vehicle/L2082,http://irail.be/stations/NMBS/008813003,L,2018-12-17T11:59:00,2018-12-17T11:58:00,111,113
http://irail.be/vehicle/L2082,http://irail.be/stations/NMBS/008813037,L,2018-12-17T12:00:00,2018-12-17T12:00:00,111,111
http://irail.be/vehicle/L2082,http://irail.be/stations/NMBS/008814001,L,2018-12-17T12:03:00,2018-12-17T12:03:00,,110
http://irail.be/vehicle/L2082,http://irail.be/stations/NMBS/008895000,L,2018-12-26T11:07:00,2018-12-26T11:07:00,20,
http://irail.be/vehicle/L2082,http://irail.be/stations/NMBS/008895091,L,2018-12-26T11:11:00,2018-12-26T11:10:00,14,31
http://irail.be/vehicle/L2082,http://irail.be/stations/NMBS/008895802,L,2018-12-26T11:21:00,2018-12-26T11:15:00,18,0
http://irail.be/vehicle/L2082,http://irail.be/stations/NMBS/008895836,L,2018-12-26T11:25:00,2018-12-26T11:24:00,-22,-9
http://irail.be/vehicle/L2082,http://irail.be/stations/NMBS/008812260,L,2018-12-26T11:27:00,2018-12-26T11:27:00,-22,-22
http://irail.be/vehicle/L2082,http://irail.be/stations/NMBS/008812252,L,2018-12-26T11:31:00,2018-12-26T11:30:00,5,21
http://irail.be/vehicle/L2082,http://irail.be/stations/NMBS/008812245,L,2018-12-26T11:34:00,2018-12-26T11:34:00,21,1
http://irail.be/vehicle/L2082,http://irail.be/stations/NMBS/008812237,L,2018-12-26T11:38:00,2018-12-26T11:37:00,27,21
http://irail.be/vehicle/L2082,http://irail.be/stations/NMBS/008812229,L,2018-12-26T11:41:00,2018-12-26T11:41:00,27,27
http://irail.be/vehicle/L2082,http://irail.be/stations/NMBS/008812211,L,2018-12-26T11:43:00,2018-12-26T11:43:00,34,34
http://irail.be/vehicle/L2082,http://irail.be/stations/NMBS/008812047,L,2018-12-26T11:47:00,2018-12-26T11:46:00,41,34
http://irail.be/vehicle/L2082,http://irail.be/stations/NMBS/008812021,L,2018-12-26T11:49:00,2018-12-26T11:49:00,61,61
http://irail.be/vehicle/L2082,http://irail.be/stations/NMBS/008812005,L,2018-12-26T11:55:00,2018-12-26T11:53:00,16,48
http://irail.be/vehicle/L2082,http://irail.be/stations/NMBS/008813045,L,2018-12-26T11:57:00,2018-12-26T11:57:00,8,8
http://irail.be/vehicle/L2082,http://irail.be/stations/NMBS/008813003,L,2018-12-26T11:59:00,2018-12-26T11:58:00,25,31
http://irail.be/vehicle/L2082,http://irail.be/stations/NMBS/008813037,L,2018-12-26T12:00:00,2018-12-26T12:00:00,25,25
http://irail.be/vehicle/L2082,http://irail.be/stations/NMBS/008814001,L,2018-12-26T12:03:00,2018-12-26T12:03:00,,23
http://irail.be/vehicle/L2082,http://irail.be/stations/NMBS/008895000,L,2018-12-16T11:06:00,2018-12-16T11:06:00,29,
http://irail.be/vehicle/L2082,http://irail.be/stations/NMBS/008895091,L,2018-12-16T11:10:00,2018-12-16T11:09:00,3,37
http://irail.be/vehicle/L2082,http://irail.be/stations/NMBS/008895802,L,2018-12-16T11:21:00,2018-12-16T11:14:00,10,-4
http://irail.be/vehicle/L2082,http://irail.be/stations/NMBS/008895836,L,2018-12-16T11:25:00,2018-12-16T11:24:00,-38,-10
http://irail.be/vehicle/L2082,http://irail.be/stations/NMBS/008812260,L,2018-12-16T11:27:00,2018-12-16T11:27:00,-38,-38
http://irail.be/vehicle/L2082,http://irail.be/stations/NMBS/008812252,L,2018-12-16T11:31:00,2018-12-16T11:30:00,-9,-15
http://irail.be/vehicle/L2082,http://irail.be/stations/NMBS/008812245,L,2018-12-16T11:34:00,2018-12-16T11:34:00,7,-14
http://irail.be/vehicle/L2082,http://irail.be/stations/NMBS/008812237,L,2018-12-16T11:38:00,2018-12-16T11:37:00,-10,7
http://irail.be/vehicle/L2082,http://irail.be/stations/NMBS/008812229,L,2018-12-16T11:41:00,2018-12-16T11:41:00,-10,-10
http://irail.be/vehicle/L2082,http://irail.be/stations/NMBS/008812211,L,2018-12-16T11:43:00,2018-12-16T11:43:00,18,18
http://irail.be/vehicle/L2082,http://irail.be/stations/NMBS/008812047,L,2018-12-16T11:47:00,2018-12-16T11:46:00,46,18
http://irail.be/vehicle/L2082,http://irail.be/stations/NMBS/008812021,L,2018-12-16T11:49:00,2018-12-16T11:49:00,63,63
http://irail.be/vehicle/L2082,http://irail.be/stations/NMBS/008812005,L,2018-12-16T11:55:00,2018-12-16T11:53:00,33,31
http://irail.be/vehicle/L2082,http://irail.be/stations/NMBS/008813045,L,2018-12-16T11:57:00,2018-12-16T11:57:00,27,27
http://irail.be/vehicle/L2082,http://irail.be/stations/NMBS/008813003,L,2018-12-16T11:59:00,2018-12-16T11:58:00,48,49
http://irail.be/vehicle/L2082,http://irail.be/stations/NMBS/008813037,L,2018-12-16T12:00:00,2018-12-16T12:00:00,48,48
http://irail.be/vehicle/L2082,http://irail.be/stations/NMBS/008814001,L,2018-12-16T12:03:00,2018-12-16T12:03:00,,66
http://irail.be/vehicle/L2082,http://irail.be/stations/NMBS/008895000,L,2018-12-24T11:07:00,2018-12-24T11:07:00,23,
http://irail.be/vehicle/L2082,http://irail.be/stations/NMBS/008895091,L,2018-12-24T11:11:00,2018-12-24T11:10:00,-3,25
http://irail.be/vehicle/L2082,http://irail.be/stations/NMBS/008895802,L,2018-12-24T11:21:00,2018-12-24T11:15:00,18,-18
http://irail.be/vehicle/L2082,http://irail.be/stations/NMBS/008895836,L,2018-12-24T11:25:00,2018-12-24T11:24:00,-44,-13
http://irail.be/vehicle/L2082,http://irail.be/stations/NMBS/008812260,L,2018-12-24T11:27:00,2018-12-24T11:27:00,-44,-44
http://irail.be/vehicle/L2082,http://irail.be/stations/NMBS/008812252,L,2018-12-24T11:31:00,2018-12-24T11:30:00,18,33
http://irail.be/vehicle/L2082,http://irail.be/stations/NMBS/008812245,L,2018-12-24T11:34:00,2018-12-24T11:34:00,40,11
http://irail.be/vehicle/L2082,http://irail.be/stations/NMBS/008812237,L,2018-12-24T11:38:00,2018-12-24T11:37:00,-7,40
http://irail.be/vehicle/L2082,http://irail.be/stations/NMBS/008812229,L,2018-12-24T11:41:00,2018-12-24T11:41:00,-7,-7
http://irail.be/vehicle/L2082,http://irail.be/stations/NMBS/008812211,L,2018-12-24T11:43:00,2018-12-24T11:43:00,27,27
http://irail.be/vehicle/L2082,http://irail.be/stations/NMBS/008812047,L,2018-12-24T11:47:00,2018-12-24T11:46:00,76,27
http://irail.be/vehicle/L2082,http://irail.be/stations/NMBS/008812021,L,2018-12-24T11:49:00,2018-12-24T11:49:00,110,110
http://irail.be/vehicle/L2082,http://irail.be/stations/NMBS/008812005,L,2018-12-24T11:55:00,2018-12-24T11:53:00,27,84
http://irail.be/vehicle/L2082,http://irail.be/stations/NMBS/008813045,L,2018-12-24T11:57:00,2018-12-24T11:57:00,18,18
http://irail.be/vehicle/L2082,http://irail.be/stations/NMBS/008813003,L,2018-12-24T11:59:00,2018-12-24T11:58:00,45,40
http://irail.be/vehicle/L2082,http://irail.be/stations/NMBS/008813037,L,2018-12-24T12:00:00,2018-12-24T12:00:00,45,45
http://irail.be/vehicle/L2082,http://irail.be/stations/NMBS/008814001,L,2018-12-24T12:03:00,2018-12-24T12:03:00,,38
http://irail.be/vehicle/L2082,http://irail.be/stations/NMBS/008895000,L,2018-12-23T11:06:00,2018-12-23T11:06:00,3,
http://irail.be/vehicle/L2082,http://irail.be/stations/NMBS/008895091,L,2018-12-23T11:10:00,2018-12-23T11:09:00,-3,22
http://irail.be/vehicle/L2082,http://irail.be/stations/NMBS/008895802,L,2018-12-23T11:21:00,2018-12-23T11:14:00,-5,1
http://irail.be/vehicle/L2082,http://irail.be/stations/NMBS/008895836,L,2018-12-23T11:25:00,2018-12-23T11:24:00,-39,-31
http://irail.be/vehicle/L2082,http://irail.be/stations/NMBS/008812260,L,2018-12-23T11:27:00,2018-12-23T11:27:00,-39,-39
http://irail.be/vehicle/L2082,http://irail.be/stations/NMBS/008812252,L,2018-12-23T11:31:00,2018-12-23T11:30:00,2,16
http://irail.be/vehicle/L2082,http://irail.be/stations/NMBS/008812245,L,2018-12-23T11:34:00,2018-12-23T11:34:00,28,1
http://irail.be/vehicle/L2082,http://irail.be/stations/NMBS/008812237,L,2018-12-23T11:38:00,2018-12-23T11:37:00,-7,28
http://irail.be/vehicle/L2082,http://irail.be/stations/NMBS/008812229,L,2018-12-23T11:41:00,2018-12-23T11:41:00,-7,-7
http://irail.be/vehicle/L2082,http://irail.be/stations/NMBS/008812211,L,2018-12-23T11:43:00,2018-12-23T11:43:00,17,17
http://irail.be/vehicle/L2082,http://irail.be/stations/NMBS/008812047,L,2018-12-23T11:47:00,2018-12-23T11:46:00,24,17
http://irail.be/vehicle/L2082,http://irail.be/stations/NMBS/008812021,L,2018-12-23T11:49:00,2018-12-23T11:49:00,59,59
http://irail.be/vehicle/L2082,http://irail.be/stations/NMBS/008812005,L,2018-12-23T11:55:00,2018-12-23T11:53:00,78,33
http://irail.be/vehicle/L2082,http://irail.be/stations/NMBS/008813045,L,2018-12-23T11:57:00,2018-12-23T11:57:00,72,72
http://irail.be/vehicle/L2082,http://irail.be/stations/NMBS/008813003,L,2018-12-23T11:59:00,2018-12-23T11:58:00,249,221
http://irail.be/vehicle/L2082,http://irail.be/stations/NMBS/008813037,L,2018-12-23T12:00:00,2018-12-23T12:00:00,249,249
http://irail.be/vehicle/L2082,http://irail.be/stations/NMBS/008814001,L,2018-12-23T12:03:00,2018-12-23T12:03:00,,250
http://irail.be/vehicle/L2082,http://irail.be/stations/NMBS/008895000,L,2018-12-15T11:06:00,2018-12-15T11:06:00,30,
http://irail.be/vehicle/L2082,http://irail.be/stations/NMBS/008895091,L,2018-12-15T11:10:00,2018-12-15T11:09:00,11,38
http://irail.be/vehicle/L2082,http://irail.be/stations/NMBS/008895802,L,2018-12-15T11:21:00,2018-12-15T11:14:00,20,7
http://irail.be/vehicle/L2082,http://irail.be/stations/NMBS/008895836,L,2018-12-15T11:25:00,2018-12-15T11:24:00,-22,19
http://irail.be/vehicle/L2082,http://irail.be/stations/NMBS/008812260,L,2018-12-15T11:27:00,2018-12-15T11:27:00,-22,-22
http://irail.be/vehicle/L2082,http://irail.be/stations/NMBS/008812252,L,2018-12-15T11:31:00,2018-12-15T11:30:00,20,25
http://irail.be/vehicle/L2082,http://irail.be/stations/NMBS/008812245,L,2018-12-15T11:34:00,2018-12-15T11:34:00,47,18
http://irail.be/vehicle/L2082,http://irail.be/stations/NMBS/008812237,L,2018-12-15T11:38:00,2018-12-15T11:37:00,-5,47
http://irail.be/vehicle/L2082,http://irail.be/stations/NMBS/008812229,L,2018-12-15T11:41:00,2018-12-15T11:41:00,-5,-5
http://irail.be/vehicle/L2082,http://irail.be/stations/NMBS/008812211,L,2018-12-15T11:43:00,2018-12-15T11:43:00,22,22
http://irail.be/vehicle/L2082,http://irail.be/stations/NMBS/008812047,L,2018-12-15T11:47:00,2018-12-15T11:46:00,50,22
http://irail.be/vehicle/L2082,http://irail.be/stations/NMBS/008812021,L,2018-12-15T11:49:00,2018-12-15T11:49:00,103,103
http://irail.be/vehicle/L2082,http://irail.be/stations/NMBS/008812005,L,2018-12-15T11:55:00,2018-12-15T11:53:00,222,79
http://irail.be/vehicle/L2082,http://irail.be/stations/NMBS/008813045,L,2018-12-15T11:57:00,2018-12-15T11:57:00,218,218
http://irail.be/vehicle/L2082,http://irail.be/stations/NMBS/008813003,L,2018-12-15T11:59:00,2018-12-15T11:58:00,247,244
http://irail.be/vehicle/L2082,http://irail.be/stations/NMBS/008813037,L,2018-12-15T12:00:00,2018-12-15T12:00:00,247,247
http://irail.be/vehicle/L2082,http://irail.be/stations/NMBS/008814001,L,2018-12-15T12:03:00,2018-12-15T12:03:00,,349
http://irail.be/vehicle/L2082,http://irail.be/stations/NMBS/008895000,L,2018-12-29T11:06:00,2018-12-29T11:06:00,72,
http://irail.be/vehicle/L2082,http://irail.be/stations/NMBS/008895091,L,2018-12-29T11:10:00,2018-12-29T11:09:00,90,113
http://irail.be/vehicle/L2082,http://irail.be/stations/NMBS/008895802,L,2018-12-29T11:21:00,2018-12-29T11:14:00,24,95
http://irail.be/vehicle/L2082,http://irail.be/stations/NMBS/008895836,L,2018-12-29T11:25:00,2018-12-29T11:24:00,-21,-6
http://irail.be/vehicle/L2082,http://irail.be/stations/NMBS/008812260,L,2018-12-29T11:27:00,2018-12-29T11:27:00,-21,-21
http://irail.be/vehicle/L2082,http://irail.be/stations/NMBS/008812252,L,2018-12-29T11:31:00,2018-12-29T11:30:00,28,44
http://irail.be/vehicle/L2082,http://irail.be/stations/NMBS/008812245,L,2018-12-29T11:34:00,2018-12-29T11:34:00,46,25
http://irail.be/vehicle/L2082,http://irail.be/stations/NMBS/008812237,L,2018-12-29T11:38:00,2018-12-29T11:37:00,16,46
http://irail.be/vehicle/L2082,http://irail.be/stations/NMBS/008812229,L,2018-12-29T11:41:00,2018-12-29T11:41:00,16,16
http://irail.be/vehicle/L2082,http://irail.be/stations/NMBS/008812211,L,2018-12-29T11:43:00,2018-12-29T11:43:00,20,20
http://irail.be/vehicle/L2082,http://irail.be/stations/NMBS/008812047,L,2018-12-29T11:47:00,2018-12-29T11:46:00,54,20
http://irail.be/vehicle/L2082,http://irail.be/stations/NMBS/008812021,L,2018-12-29T11:49:00,2018-12-29T11:49:00,82,82
http://irail.be/vehicle/L2082,http://irail.be/stations/NMBS/008812005,L,2018-12-29T11:55:00,2018-12-29T11:53:00,57,96
http://irail.be/vehicle/L2082,http://irail.be/stations/NMBS/008813045,L,2018-12-29T11:57:00,2018-12-29T11:57:00,56,56
http://irail.be/vehicle/L2082,http://irail.be/stations/NMBS/008813003,L,2018-12-29T11:59:00,2018-12-29T11:58:00,108,81
http://irail.be/vehicle/L2082,http://irail.be/stations/NMBS/008813037,L,2018-12-29T12:00:00,2018-12-29T12:00:00,108,108
http://irail.be/vehicle/L2082,http://irail.be/stations/NMBS/008814001,L,2018-12-29T12:03:00,2018-12-29T12:03:00,,124
http://irail.be/vehicle/L2082,http://irail.be/stations/NMBS/008895000,L,2018-12-20T11:07:00,2018-12-20T11:07:00,21,
http://irail.be/vehicle/L2082,http://irail.be/stations/NMBS/008895091,L,2018-12-20T11:11:00,2018-12-20T11:10:00,35,55
http://irail.be/vehicle/L2082,http://irail.be/stations/NMBS/008895802,L,2018-12-20T11:21:00,2018-12-20T11:15:00,17,26
http://irail.be/vehicle/L2082,http://irail.be/stations/NMBS/008895836,L,2018-12-20T11:25:00,2018-12-20T11:24:00,-39,11
http://irail.be/vehicle/L2082,http://irail.be/stations/NMBS/008812260,L,2018-12-20T11:27:00,2018-12-20T11:27:00,-39,-39
http://irail.be/vehicle/L2082,http://irail.be/stations/NMBS/008812252,L,2018-12-20T11:31:00,2018-12-20T11:30:00,10,5
http://irail.be/vehicle/L2082,http://irail.be/stations/NMBS/008812245,L,2018-12-20T11:34:00,2018-12-20T11:34:00,63,8
http://irail.be/vehicle/L2082,http://irail.be/stations/NMBS/008812237,L,2018-12-20T11:38:00,2018-12-20T11:37:00,63,63
http://irail.be/vehicle/L2082,http://irail.be/stations/NMBS/008812229,L,2018-12-20T11:41:00,2018-12-20T11:41:00,1,1
http://irail.be/vehicle/L2082,http://irail.be/stations/NMBS/008812211,L,2018-12-20T11:43:00,2018-12-20T11:43:00,26,26
http://irail.be/vehicle/L2082,http://irail.be/stations/NMBS/008812047,L,2018-12-20T11:47:00,2018-12-20T11:46:00,74,26
http://irail.be/vehicle/L2082,http://irail.be/stations/NMBS/008812021,L,2018-12-20T11:49:00,2018-12-20T11:49:00,128,128
http://irail.be/vehicle/L2082,http://irail.be/stations/NMBS/008812005,L,2018-12-20T11:55:00,2018-12-20T11:53:00,152,189
http://irail.be/vehicle/L2082,http://irail.be/stations/NMBS/008813045,L,2018-12-20T11:57:00,2018-12-20T11:57:00,144,144
http://irail.be/vehicle/L2082,http://irail.be/stations/NMBS/008813003,L,2018-12-20T11:59:00,2018-12-20T11:58:00,176,172
http://irail.be/vehicle/L2082,http://irail.be/stations/NMBS/008813037,L,2018-12-20T12:00:00,2018-12-20T12:00:00,176,176
http://irail.be/vehicle/L2082,http://irail.be/stations/NMBS/008814001,L,2018-12-20T12:03:00,2018-12-20T12:03:00,,174
http://irail.be/vehicle/L2082,http://irail.be/stations/NMBS/008895000,L,2018-12-09T11:06:00,2018-12-09T11:06:00,33,
http://irail.be/vehicle/L2082,http://irail.be/stations/NMBS/008895091,L,2018-12-09T11:10:00,2018-12-09T11:09:00,62,62
http://irail.be/vehicle/L2082,http://irail.be/stations/NMBS/008895802,L,2018-12-09T11:21:00,2018-12-09T11:14:00,12,56
http://irail.be/vehicle/L2082,http://irail.be/stations/NMBS/008895836,L,2018-12-09T11:25:00,2018-12-09T11:24:00,-24,11
http://irail.be/vehicle/L2082,http://irail.be/stations/NMBS/008812260,L,2018-12-09T11:27:00,2018-12-09T11:27:00,-24,-24
http://irail.be/vehicle/L2082,http://irail.be/stations/NMBS/008812252,L,2018-12-09T11:31:00,2018-12-09T11:30:00,14,27
http://irail.be/vehicle/L2082,http://irail.be/stations/NMBS/008812245,L,2018-12-09T11:34:00,2018-12-09T11:34:00,41,11
http://irail.be/vehicle/L2082,http://irail.be/stations/NMBS/008812237,L,2018-12-09T11:38:00,2018-12-09T11:37:00,2,41
http://irail.be/vehicle/L2082,http://irail.be/stations/NMBS/008812229,L,2018-12-09T11:41:00,2018-12-09T11:41:00,2,2
http://irail.be/vehicle/L2082,http://irail.be/stations/NMBS/008812211,L,2018-12-09T11:43:00,2018-12-09T11:43:00,20,20
http://irail.be/vehicle/L2082,http://irail.be/stations/NMBS/008812047,L,2018-12-09T11:47:00,2018-12-09T11:46:00,51,20
http://irail.be/vehicle/L2082,http://irail.be/stations/NMBS/008812021,L,2018-12-09T11:49:00,2018-12-09T11:49:00,97,97
http://irail.be/vehicle/L2082,http://irail.be/stations/NMBS/008812005,L,2018-12-09T11:55:00,2018-12-09T11:53:00,15,70
http://irail.be/vehicle/L2082,http://irail.be/stations/NMBS/008813045,L,2018-12-09T11:57:00,2018-12-09T11:57:00,12,12
http://irail.be/vehicle/L2082,http://irail.be/stations/NMBS/008813003,L,2018-12-09T11:59:00,2018-12-09T11:58:00,44,42
http://irail.be/vehicle/L2082,http://irail.be/stations/NMBS/008813037,L,2018-12-09T12:00:00,2018-12-09T12:00:00,44,44
http://irail.be/vehicle/L2082,http://irail.be/stations/NMBS/008814001,L,2018-12-09T12:03:00,2018-12-09T12:03:00,,40
http://irail.be/vehicle/L2082,http://irail.be/stations/NMBS/008895000,L,2018-12-10T11:07:00,2018-12-10T11:07:00,57,
http://irail.be/vehicle/L2082,http://irail.be/stations/NMBS/008895091,L,2018-12-10T11:11:00,2018-12-10T11:10:00,41,74
http://irail.be/vehicle/L2082,http://irail.be/stations/NMBS/008895802,L,2018-12-10T11:21:00,2018-12-10T11:15:00,34,26
http://irail.be/vehicle/L2082,http://irail.be/stations/NMBS/008895836,L,2018-12-10T11:25:00,2018-12-10T11:24:00,11,11
http://irail.be/vehicle/L2082,http://irail.be/stations/NMBS/008812260,L,2018-12-10T11:27:00,2018-12-10T11:27:00,-62,-62
http://irail.be/vehicle/L2082,http://irail.be/stations/NMBS/008812252,L,2018-12-10T11:31:00,2018-12-10T11:30:00,-14,-21
http://irail.be/vehicle/L2082,http://irail.be/stations/NMBS/008812245,L,2018-12-10T11:34:00,2018-12-10T11:34:00,-3,-18
http://irail.be/vehicle/L2082,http://irail.be/stations/NMBS/008812237,L,2018-12-10T11:38:00,2018-12-10T11:37:00,54,-3
http://irail.be/vehicle/L2082,http://irail.be/stations/NMBS/008812229,L,2018-12-10T11:41:00,2018-12-10T11:41:00,54,54
http://irail.be/vehicle/L2082,http://irail.be/stations/NMBS/008812211,L,2018-12-10T11:43:00,2018-12-10T11:43:00,52,52
http://irail.be/vehicle/L2082,http://irail.be/stations/NMBS/008812047,L,2018-12-10T11:47:00,2018-12-10T11:46:00,61,52
http://irail.be/vehicle/L2082,http://irail.be/stations/NMBS/008812021,L,2018-12-10T11:49:00,2018-12-10T11:49:00,76,76
http://irail.be/vehicle/L2082,http://irail.be/stations/NMBS/008812005,L,2018-12-10T11:55:00,2018-12-10T11:53:00,54,111
http://irail.be/vehicle/L2082,http://irail.be/stations/NMBS/008813045,L,2018-12-10T11:57:00,2018-12-10T11:57:00,48,48
http://irail.be/vehicle/L2082,http://irail.be/stations/NMBS/008813003,L,2018-12-10T11:59:00,2018-12-10T11:58:00,44,68
http://irail.be/vehicle/L2082,http://irail.be/stations/NMBS/008813037,L,2018-12-10T12:00:00,2018-12-10T12:00:00,44,44
http://irail.be/vehicle/L2082,http://irail.be/stations/NMBS/008814001,L,2018-12-10T12:03:00,2018-12-10T12:03:00,,90
http://irail.be/vehicle/L2082,http://irail.be/stations/NMBS/008895000,L,2018-12-21T11:07:00,2018-12-21T11:07:00,14,
http://irail.be/vehicle/L2082,http://irail.be/stations/NMBS/008895091,L,2018-12-21T11:11:00,2018-12-21T11:10:00,49,60
http://irail.be/vehicle/L2082,http://irail.be/stations/NMBS/008895802,L,2018-12-21T11:21:00,2018-12-21T11:15:00,15,46
http://irail.be/vehicle/L2082,http://irail.be/stations/NMBS/008895836,L,2018-12-21T11:25:00,2018-12-21T11:24:00,-58,-2
http://irail.be/vehicle/L2082,http://irail.be/stations/NMBS/008812260,L,2018-12-21T11:27:00,2018-12-21T11:27:00,-58,-58
http://irail.be/vehicle/L2082,http://irail.be/stations/NMBS/008812252,L,2018-12-21T11:31:00,2018-12-21T11:30:00,-13,-2
http://irail.be/vehicle/L2082,http://irail.be/stations/NMBS/008812245,L,2018-12-21T11:34:00,2018-12-21T11:34:00,36,-6
http://irail.be/vehicle/L2082,http://irail.be/stations/NMBS/008812237,L,2018-12-21T11:38:00,2018-12-21T11:37:00,-6,36
http://irail.be/vehicle/L2082,http://irail.be/stations/NMBS/008812229,L,2018-12-21T11:41:00,2018-12-21T11:41:00,-6,-6
http://irail.be/vehicle/L2082,http://irail.be/stations/NMBS/008812211,L,2018-12-21T11:43:00,2018-12-21T11:43:00,3,3
http://irail.be/vehicle/L2082,http://irail.be/stations/NMBS/008812047,L,2018-12-21T11:47:00,2018-12-21T11:46:00,38,3
http://irail.be/vehicle/L2082,http://irail.be/stations/NMBS/008812021,L,2018-12-21T11:49:00,2018-12-21T11:49:00,84,84
http://irail.be/vehicle/L2082,http://irail.be/stations/NMBS/008812005,L,2018-12-21T11:55:00,2018-12-21T11:53:00,64,73
http://irail.be/vehicle/L2082,http://irail.be/stations/NMBS/008813045,L,2018-12-21T11:57:00,2018-12-21T11:57:00,76,76
http://irail.be/vehicle/L2082,http://irail.be/stations/NMBS/008813003,L,2018-12-21T11:59:00,2018-12-21T11:58:00,90,103
http://irail.be/vehicle/L2082,http://irail.be/stations/NMBS/008813037,L,2018-12-21T12:00:00,2018-12-21T12:00:00,90,90
http://irail.be/vehicle/L2082,http://irail.be/stations/NMBS/008814001,L,2018-12-21T12:03:00,2018-12-21T12:03:00,,113
http://irail.be/vehicle/L2082,http://irail.be/stations/NMBS/008895000,L,2018-12-19T11:07:00,2018-12-19T11:07:00,-3,
http://irail.be/vehicle/L2082,http://irail.be/stations/NMBS/008895091,L,2018-12-19T11:11:00,2018-12-19T11:10:00,-5,22
http://irail.be/vehicle/L2082,http://irail.be/stations/NMBS/008895802,L,2018-12-19T11:21:00,2018-12-19T11:15:00,-19,-4
http://irail.be/vehicle/L2082,http://irail.be/stations/NMBS/008895836,L,2018-12-19T11:25:00,2018-12-19T11:24:00,-45,-40
http://irail.be/vehicle/L2082,http://irail.be/stations/NMBS/008812260,L,2018-12-19T11:27:00,2018-12-19T11:27:00,-45,-45
http://irail.be/vehicle/L2082,http://irail.be/stations/NMBS/008812252,L,2018-12-19T11:31:00,2018-12-19T11:30:00,-27,2
http://irail.be/vehicle/L2082,http://irail.be/stations/NMBS/008812245,L,2018-12-19T11:34:00,2018-12-19T11:34:00,-9,-27
http://irail.be/vehicle/L2082,http://irail.be/stations/NMBS/008812237,L,2018-12-19T11:38:00,2018-12-19T11:37:00,-40,-9
http://irail.be/vehicle/L2082,http://irail.be/stations/NMBS/008812229,L,2018-12-19T11:41:00,2018-12-19T11:41:00,-40,-40
http://irail.be/vehicle/L2082,http://irail.be/stations/NMBS/008812211,L,2018-12-19T11:43:00,2018-12-19T11:43:00,19,19
http://irail.be/vehicle/L2082,http://irail.be/stations/NMBS/008812047,L,2018-12-19T11:47:00,2018-12-19T11:46:00,50,19
http://irail.be/vehicle/L2082,http://irail.be/stations/NMBS/008812021,L,2018-12-19T11:49:00,2018-12-19T11:49:00,63,63
http://irail.be/vehicle/L2082,http://irail.be/stations/NMBS/008812005,L,2018-12-19T11:55:00,2018-12-19T11:53:00,-23,25
http://irail.be/vehicle/L2082,http://irail.be/stations/NMBS/008813045,L,2018-12-19T11:57:00,2018-12-19T11:57:00,-32,-32
http://irail.be/vehicle/L2082,http://irail.be/stations/NMBS/008813003,L,2018-12-19T11:59:00,2018-12-19T11:58:00,-29,-14
http://irail.be/vehicle/L2082,http://irail.be/stations/NMBS/008813037,L,2018-12-19T12:00:00,2018-12-19T12:00:00,-29,-29
http://irail.be/vehicle/L2082,http://irail.be/stations/NMBS/008814001,L,2018-12-19T12:03:00,2018-12-19T12:03:00,,-12
http://irail.be/vehicle/L2082,http://irail.be/stations/NMBS/008895000,L,2018-12-18T11:07:00,2018-12-18T11:07:00,36,
http://irail.be/vehicle/L2082,http://irail.be/stations/NMBS/008895091,L,2018-12-18T11:11:00,2018-12-18T11:10:00,48,74
http://irail.be/vehicle/L2082,http://irail.be/stations/NMBS/008895802,L,2018-12-18T11:21:00,2018-12-18T11:15:00,10,40
http://irail.be/vehicle/L2082,http://irail.be/stations/NMBS/008895836,L,2018-12-18T11:25:00,2018-12-18T11:24:00,36,36
http://irail.be/vehicle/L2082,http://irail.be/stations/NMBS/008812260,L,2018-12-18T11:27:00,2018-12-18T11:27:00,-38,-38
http://irail.be/vehicle/L2082,http://irail.be/stations/NMBS/008812252,L,2018-12-18T11:31:00,2018-12-18T11:30:00,3,3
http://irail.be/vehicle/L2082,http://irail.be/stations/NMBS/008812245,L,2018-12-18T11:34:00,2018-12-18T11:34:00,15,-2
http://irail.be/vehicle/L2082,http://irail.be/stations/NMBS/008812237,L,2018-12-18T11:38:00,2018-12-18T11:37:00,-23,15
http://irail.be/vehicle/L2082,http://irail.be/stations/NMBS/008812229,L,2018-12-18T11:41:00,2018-12-18T11:41:00,-23,-23
http://irail.be/vehicle/L2082,http://irail.be/stations/NMBS/008812211,L,2018-12-18T11:43:00,2018-12-18T11:43:00,18,18
http://irail.be/vehicle/L2082,http://irail.be/stations/NMBS/008812047,L,2018-12-18T11:47:00,2018-12-18T11:46:00,64,18
http://irail.be/vehicle/L2082,http://irail.be/stations/NMBS/008812021,L,2018-12-18T11:49:00,2018-12-18T11:49:00,113,113
http://irail.be/vehicle/L2082,http://irail.be/stations/NMBS/008812005,L,2018-12-18T11:55:00,2018-12-18T11:53:00,125,166
http://irail.be/vehicle/L2082,http://irail.be/stations/NMBS/008813045,L,2018-12-18T11:57:00,2018-12-18T11:57:00,124,124
http://irail.be/vehicle/L2082,http://irail.be/stations/NMBS/008813003,L,2018-12-18T11:59:00,2018-12-18T11:58:00,145,150
http://irail.be/vehicle/L2082,http://irail.be/stations/NMBS/008813037,L,2018-12-18T12:00:00,2018-12-18T12:00:00,145,145
http://irail.be/vehicle/L2082,http://irail.be/stations/NMBS/008814001,L,2018-12-18T12:03:00,2018-12-18T12:03:00,,175
