http://irail.be/vehicle/INT1118,http://irail.be/stations/NMBS/008844644,INT,2019-04-28T22:29:00,2019-04-28T22:29:00,277,277
http://irail.be/vehicle/INT1118,http://irail.be/stations/NMBS/008842036,INT,2019-04-28T22:41:00,2019-04-28T22:41:00,258,258
http://irail.be/vehicle/INT1118,http://irail.be/stations/NMBS/008842002,INT,2019-04-28T22:42:00,2019-04-28T22:42:00,277,277
http://irail.be/vehicle/INT1118,http://irail.be/stations/NMBS/008841004,INT,2019-04-28T22:46:00,2019-04-28T22:44:00,418,382
http://irail.be/vehicle/INT1118,http://irail.be/stations/NMBS/008841202,INT,2019-04-28T22:51:00,2019-04-28T22:51:00,464,464
http://irail.be/vehicle/INT1118,http://irail.be/stations/NMBS/008833001,INT,2019-04-28T23:11:00,2019-04-28T23:11:00,381,381
http://irail.be/vehicle/INT1118,http://irail.be/stations/NMBS/008811288,INT,2019-04-28T23:13:00,2019-04-28T23:13:00,397,397
http://irail.be/vehicle/INT1118,http://irail.be/stations/NMBS/008811270,INT,2019-04-28T23:15:00,2019-04-28T23:15:00,388,388
http://irail.be/vehicle/INT1118,http://irail.be/stations/NMBS/008811262,INT,2019-04-28T23:16:00,2019-04-28T23:16:00,388,388
http://irail.be/vehicle/INT1118,http://irail.be/stations/NMBS/008811254,INT,2019-04-28T23:17:00,2019-04-28T23:17:00,388,388
http://irail.be/vehicle/INT1118,http://irail.be/stations/NMBS/008811247,INT,2019-04-28T23:18:00,2019-04-28T23:18:00,379,379
http://irail.be/vehicle/INT1118,http://irail.be/stations/NMBS/008811221,INT,2019-04-28T23:19:00,2019-04-28T23:19:00,388,388
http://irail.be/vehicle/INT1118,http://irail.be/stations/NMBS/008811213,INT,2019-04-28T23:20:00,2019-04-28T23:20:00,373,373
http://irail.be/vehicle/INT1118,http://irail.be/stations/NMBS/008811130,INT,2019-04-28T23:21:00,2019-04-28T23:21:00,341,341
http://irail.be/vehicle/INT1118,http://irail.be/stations/NMBS/008811007,INT,2019-04-28T23:22:00,2019-04-28T23:22:00,401,401
http://irail.be/vehicle/INT1118,http://irail.be/stations/NMBS/008812005,INT,2019-04-28T23:28:00,2019-04-28T23:26:00,367,436
http://irail.be/vehicle/INT1118,http://irail.be/stations/NMBS/008813045,INT,2019-04-28T23:30:00,2019-04-28T23:30:00,373,373
http://irail.be/vehicle/INT1118,http://irail.be/stations/NMBS/008813003,INT,2019-04-28T23:31:00,2019-04-28T23:31:00,384,384
http://irail.be/vehicle/INT1118,http://irail.be/stations/NMBS/008813037,INT,2019-04-28T23:32:00,2019-04-28T23:32:00,381,381
http://irail.be/vehicle/INT1118,http://irail.be/stations/NMBS/008814001,INT,2019-04-28T23:35:00,2019-04-28T23:35:00,,374
http://irail.be/vehicle/INT1118,http://irail.be/stations/NMBS/008844644,INT,2019-06-02T22:29:00,2019-06-02T22:29:00,56,56
http://irail.be/vehicle/INT1118,http://irail.be/stations/NMBS/008842036,INT,2019-06-02T22:41:00,2019-06-02T22:41:00,42,42
http://irail.be/vehicle/INT1118,http://irail.be/stations/NMBS/008842002,INT,2019-06-02T22:42:00,2019-06-02T22:42:00,46,46
http://irail.be/vehicle/INT1118,http://irail.be/stations/NMBS/008841004,INT,2019-06-02T22:46:00,2019-06-02T22:44:00,146,32
http://irail.be/vehicle/INT1118,http://irail.be/stations/NMBS/008841202,INT,2019-06-02T22:51:00,2019-06-02T22:51:00,97,97
http://irail.be/vehicle/INT1118,http://irail.be/stations/NMBS/008833001,INT,2019-06-02T23:11:00,2019-06-02T23:11:00,569,569
http://irail.be/vehicle/INT1118,http://irail.be/stations/NMBS/008811288,INT,2019-06-02T23:13:00,2019-06-02T23:13:00,664,664
http://irail.be/vehicle/INT1118,http://irail.be/stations/NMBS/008811270,INT,2019-06-02T23:15:00,2019-06-02T23:15:00,658,658
http://irail.be/vehicle/INT1118,http://irail.be/stations/NMBS/008811262,INT,2019-06-02T23:16:00,2019-06-02T23:16:00,658,658
http://irail.be/vehicle/INT1118,http://irail.be/stations/NMBS/008811254,INT,2019-06-02T23:17:00,2019-06-02T23:17:00,658,658
http://irail.be/vehicle/INT1118,http://irail.be/stations/NMBS/008811247,INT,2019-06-02T23:18:00,2019-06-02T23:18:00,641,641
http://irail.be/vehicle/INT1118,http://irail.be/stations/NMBS/008811221,INT,2019-06-02T23:19:00,2019-06-02T23:19:00,648,648
http://irail.be/vehicle/INT1118,http://irail.be/stations/NMBS/008811213,INT,2019-06-02T23:20:00,2019-06-02T23:20:00,634,634
http://irail.be/vehicle/INT1118,http://irail.be/stations/NMBS/008811130,INT,2019-06-02T23:21:00,2019-06-02T23:21:00,599,599
http://irail.be/vehicle/INT1118,http://irail.be/stations/NMBS/008811007,INT,2019-06-02T23:22:00,2019-06-02T23:22:00,649,649
http://irail.be/vehicle/INT1118,http://irail.be/stations/NMBS/008812005,INT,2019-06-02T23:28:00,2019-06-02T23:26:00,559,614
http://irail.be/vehicle/INT1118,http://irail.be/stations/NMBS/008813045,INT,2019-06-02T23:30:00,2019-06-02T23:30:00,556,556
http://irail.be/vehicle/INT1118,http://irail.be/stations/NMBS/008813003,INT,2019-06-02T23:31:00,2019-06-02T23:31:00,559,559
http://irail.be/vehicle/INT1118,http://irail.be/stations/NMBS/008813037,INT,2019-06-02T23:32:00,2019-06-02T23:32:00,556,556
http://irail.be/vehicle/INT1118,http://irail.be/stations/NMBS/008814001,INT,2019-06-02T23:35:00,2019-06-02T23:35:00,,571
http://irail.be/vehicle/INT1118,http://irail.be/stations/NMBS/008844644,INT,2019-05-19T22:29:00,2019-05-19T22:29:00,1000,1000
http://irail.be/vehicle/INT1118,http://irail.be/stations/NMBS/008842036,INT,2019-05-19T22:41:00,2019-05-19T22:41:00,955,955
http://irail.be/vehicle/INT1118,http://irail.be/stations/NMBS/008842002,INT,2019-05-19T22:42:00,2019-05-19T22:42:00,964,964
http://irail.be/vehicle/INT1118,http://irail.be/stations/NMBS/008841004,INT,2019-05-19T22:46:00,2019-05-19T22:44:00,1014,957
http://irail.be/vehicle/INT1118,http://irail.be/stations/NMBS/008841202,INT,2019-05-19T22:51:00,2019-05-19T22:51:00,983,983
http://irail.be/vehicle/INT1118,http://irail.be/stations/NMBS/008833001,INT,2019-05-19T23:11:00,2019-05-19T23:11:00,883,883
http://irail.be/vehicle/INT1118,http://irail.be/stations/NMBS/008811288,INT,2019-05-19T23:13:00,2019-05-19T23:13:00,883,883
http://irail.be/vehicle/INT1118,http://irail.be/stations/NMBS/008811270,INT,2019-05-19T23:15:00,2019-05-19T23:15:00,836,836
http://irail.be/vehicle/INT1118,http://irail.be/stations/NMBS/008811262,INT,2019-05-19T23:16:00,2019-05-19T23:16:00,836,836
http://irail.be/vehicle/INT1118,http://irail.be/stations/NMBS/008811254,INT,2019-05-19T23:17:00,2019-05-19T23:17:00,836,836
http://irail.be/vehicle/INT1118,http://irail.be/stations/NMBS/008811247,INT,2019-05-19T23:18:00,2019-05-19T23:18:00,819,819
http://irail.be/vehicle/INT1118,http://irail.be/stations/NMBS/008811221,INT,2019-05-19T23:19:00,2019-05-19T23:19:00,827,827
http://irail.be/vehicle/INT1118,http://irail.be/stations/NMBS/008811213,INT,2019-05-19T23:20:00,2019-05-19T23:20:00,812,812
http://irail.be/vehicle/INT1118,http://irail.be/stations/NMBS/008811130,INT,2019-05-19T23:21:00,2019-05-19T23:21:00,774,774
http://irail.be/vehicle/INT1118,http://irail.be/stations/NMBS/008811007,INT,2019-05-19T23:22:00,2019-05-19T23:22:00,815,815
http://irail.be/vehicle/INT1118,http://irail.be/stations/NMBS/008812005,INT,2019-05-19T23:28:00,2019-05-19T23:26:00,693,779
http://irail.be/vehicle/INT1118,http://irail.be/stations/NMBS/008813045,INT,2019-05-19T23:30:00,2019-05-19T23:30:00,694,694
http://irail.be/vehicle/INT1118,http://irail.be/stations/NMBS/008813003,INT,2019-05-19T23:31:00,2019-05-19T23:31:00,698,698
http://irail.be/vehicle/INT1118,http://irail.be/stations/NMBS/008813037,INT,2019-05-19T23:32:00,2019-05-19T23:32:00,695,695
http://irail.be/vehicle/INT1118,http://irail.be/stations/NMBS/008814001,INT,2019-05-19T23:35:00,2019-05-19T23:35:00,,677
http://irail.be/vehicle/INT1118,http://irail.be/stations/NMBS/008844644,INT,2019-06-23T22:29:00,2019-06-23T22:29:00,287,287
http://irail.be/vehicle/INT1118,http://irail.be/stations/NMBS/008842036,INT,2019-06-23T22:41:00,2019-06-23T22:41:00,256,256
http://irail.be/vehicle/INT1118,http://irail.be/stations/NMBS/008842002,INT,2019-06-23T22:42:00,2019-06-23T22:42:00,251,251
http://irail.be/vehicle/INT1118,http://irail.be/stations/NMBS/008841004,INT,2019-06-23T22:46:00,2019-06-23T22:44:00,400,242
http://irail.be/vehicle/INT1118,http://irail.be/stations/NMBS/008841202,INT,2019-06-23T22:51:00,2019-06-23T22:51:00,475,475
http://irail.be/vehicle/INT1118,http://irail.be/stations/NMBS/008833001,INT,2019-06-23T23:11:00,2019-06-23T23:11:00,531,531
http://irail.be/vehicle/INT1118,http://irail.be/stations/NMBS/008811288,INT,2019-06-23T23:13:00,2019-06-23T23:13:00,596,596
http://irail.be/vehicle/INT1118,http://irail.be/stations/NMBS/008811270,INT,2019-06-23T23:15:00,2019-06-23T23:15:00,574,574
http://irail.be/vehicle/INT1118,http://irail.be/stations/NMBS/008811262,INT,2019-06-23T23:16:00,2019-06-23T23:16:00,574,574
http://irail.be/vehicle/INT1118,NO-URI,INT,2019-06-23T23:17:00,2019-06-23T23:17:00,620,620
http://irail.be/vehicle/INT1118,http://irail.be/stations/NMBS/008811254,INT,2019-06-23T23:17:00,2019-06-23T23:17:00,637,637
http://irail.be/vehicle/INT1118,http://irail.be/stations/NMBS/008811247,INT,2019-06-23T23:18:00,2019-06-23T23:18:00,643,643
http://irail.be/vehicle/INT1118,http://irail.be/stations/NMBS/008811221,INT,2019-06-23T23:19:00,2019-06-23T23:19:00,681,681
http://irail.be/vehicle/INT1118,http://irail.be/stations/NMBS/008811213,INT,2019-06-23T23:20:00,2019-06-23T23:20:00,694,694
http://irail.be/vehicle/INT1118,http://irail.be/stations/NMBS/008811130,INT,2019-06-23T23:21:00,2019-06-23T23:21:00,660,660
http://irail.be/vehicle/INT1118,http://irail.be/stations/NMBS/008811007,INT,2019-06-23T23:22:00,2019-06-23T23:22:00,706,706
http://irail.be/vehicle/INT1118,http://irail.be/stations/NMBS/008812005,INT,2019-06-23T23:28:00,2019-06-23T23:26:00,639,671
http://irail.be/vehicle/INT1118,http://irail.be/stations/NMBS/008813045,INT,2019-06-23T23:30:00,2019-06-23T23:30:00,637,637
http://irail.be/vehicle/INT1118,http://irail.be/stations/NMBS/008813003,INT,2019-06-23T23:31:00,2019-06-23T23:31:00,639,639
http://irail.be/vehicle/INT1118,http://irail.be/stations/NMBS/008813037,INT,2019-06-23T23:32:00,2019-06-23T23:32:00,636,636
http://irail.be/vehicle/INT1118,http://irail.be/stations/NMBS/008814001,INT,2019-06-23T23:35:00,2019-06-23T23:35:00,,618
http://irail.be/vehicle/INT1118,http://irail.be/stations/NMBS/008844644,INT,2019-05-05T22:29:00,2019-05-05T22:29:00,3,3
http://irail.be/vehicle/INT1118,http://irail.be/stations/NMBS/008842036,INT,2019-05-05T22:41:00,2019-05-05T22:41:00,2,2
http://irail.be/vehicle/INT1118,http://irail.be/stations/NMBS/008842002,INT,2019-05-05T22:42:00,2019-05-05T22:42:00,16,16
http://irail.be/vehicle/INT1118,http://irail.be/stations/NMBS/008841004,INT,2019-05-05T22:46:00,2019-05-05T22:44:00,93,105
http://irail.be/vehicle/INT1118,http://irail.be/stations/NMBS/008841202,INT,2019-05-05T22:51:00,2019-05-05T22:51:00,46,46
http://irail.be/vehicle/INT1118,http://irail.be/stations/NMBS/008833001,INT,2019-05-05T23:11:00,2019-05-05T23:11:00,-26,-26
http://irail.be/vehicle/INT1118,http://irail.be/stations/NMBS/008811288,INT,2019-05-05T23:13:00,2019-05-05T23:13:00,-14,-14
http://irail.be/vehicle/INT1118,http://irail.be/stations/NMBS/008811270,INT,2019-05-05T23:15:00,2019-05-05T23:15:00,-52,-52
http://irail.be/vehicle/INT1118,http://irail.be/stations/NMBS/008811262,INT,2019-05-05T23:16:00,2019-05-05T23:16:00,-52,-52
http://irail.be/vehicle/INT1118,http://irail.be/stations/NMBS/008811254,INT,2019-05-05T23:17:00,2019-05-05T23:17:00,-52,-52
http://irail.be/vehicle/INT1118,http://irail.be/stations/NMBS/008811247,INT,2019-05-05T23:18:00,2019-05-05T23:18:00,-62,-62
http://irail.be/vehicle/INT1118,http://irail.be/stations/NMBS/008811221,INT,2019-05-05T23:19:00,2019-05-05T23:19:00,-53,-53
http://irail.be/vehicle/INT1118,http://irail.be/stations/NMBS/008811213,INT,2019-05-05T23:20:00,2019-05-05T23:20:00,-64,-64
http://irail.be/vehicle/INT1118,http://irail.be/stations/NMBS/008811130,INT,2019-05-05T23:21:00,2019-05-05T23:21:00,-102,-102
http://irail.be/vehicle/INT1118,http://irail.be/stations/NMBS/008811007,INT,2019-05-05T23:22:00,2019-05-05T23:22:00,-57,-57
http://irail.be/vehicle/INT1118,http://irail.be/stations/NMBS/008812005,INT,2019-05-05T23:28:00,2019-05-05T23:26:00,127,188
http://irail.be/vehicle/INT1118,http://irail.be/stations/NMBS/008813045,INT,2019-05-05T23:30:00,2019-05-05T23:30:00,122,122
http://irail.be/vehicle/INT1118,http://irail.be/stations/NMBS/008813003,INT,2019-05-05T23:31:00,2019-05-05T23:31:00,128,128
http://irail.be/vehicle/INT1118,http://irail.be/stations/NMBS/008813037,INT,2019-05-05T23:32:00,2019-05-05T23:32:00,124,124
http://irail.be/vehicle/INT1118,http://irail.be/stations/NMBS/008814001,INT,2019-05-05T23:35:00,2019-05-05T23:35:00,,107
http://irail.be/vehicle/INT1118,http://irail.be/stations/NMBS/008844644,INT,2019-05-26T22:29:00,2019-05-26T22:29:00,341,341
http://irail.be/vehicle/INT1118,http://irail.be/stations/NMBS/008842036,INT,2019-05-26T22:41:00,2019-05-26T22:41:00,295,295
http://irail.be/vehicle/INT1118,http://irail.be/stations/NMBS/008842002,INT,2019-05-26T22:42:00,2019-05-26T22:42:00,284,284
http://irail.be/vehicle/INT1118,http://irail.be/stations/NMBS/008841004,INT,2019-05-26T22:46:00,2019-05-26T22:44:00,352,325
http://irail.be/vehicle/INT1118,http://irail.be/stations/NMBS/008841202,INT,2019-05-26T22:51:00,2019-05-26T22:51:00,303,303
http://irail.be/vehicle/INT1118,http://irail.be/stations/NMBS/008833001,INT,2019-05-26T23:11:00,2019-05-26T23:11:00,290,290
http://irail.be/vehicle/INT1118,http://irail.be/stations/NMBS/008811288,INT,2019-05-26T23:13:00,2019-05-26T23:13:00,293,261
http://irail.be/vehicle/INT1118,http://irail.be/stations/NMBS/008811270,INT,2019-05-26T23:15:00,2019-05-26T23:15:00,250,250
http://irail.be/vehicle/INT1118,http://irail.be/stations/NMBS/008811262,INT,2019-05-26T23:16:00,2019-05-26T23:16:00,250,250
http://irail.be/vehicle/INT1118,http://irail.be/stations/NMBS/008811254,INT,2019-05-26T23:17:00,2019-05-26T23:17:00,250,250
http://irail.be/vehicle/INT1118,http://irail.be/stations/NMBS/008811247,INT,2019-05-26T23:18:00,2019-05-26T23:18:00,233,233
http://irail.be/vehicle/INT1118,http://irail.be/stations/NMBS/008811221,INT,2019-05-26T23:19:00,2019-05-26T23:19:00,241,241
http://irail.be/vehicle/INT1118,http://irail.be/stations/NMBS/008811213,INT,2019-05-26T23:20:00,2019-05-26T23:20:00,226,226
http://irail.be/vehicle/INT1118,http://irail.be/stations/NMBS/008811130,INT,2019-05-26T23:21:00,2019-05-26T23:21:00,182,182
http://irail.be/vehicle/INT1118,http://irail.be/stations/NMBS/008811007,INT,2019-05-26T23:22:00,2019-05-26T23:22:00,235,235
http://irail.be/vehicle/INT1118,http://irail.be/stations/NMBS/008812005,INT,2019-05-26T23:28:00,2019-05-26T23:26:00,129,195
http://irail.be/vehicle/INT1118,http://irail.be/stations/NMBS/008813045,INT,2019-05-26T23:30:00,2019-05-26T23:30:00,133,133
http://irail.be/vehicle/INT1118,http://irail.be/stations/NMBS/008813003,INT,2019-05-26T23:31:00,2019-05-26T23:31:00,141,141
http://irail.be/vehicle/INT1118,http://irail.be/stations/NMBS/008813037,INT,2019-05-26T23:32:00,2019-05-26T23:32:00,139,139
http://irail.be/vehicle/INT1118,http://irail.be/stations/NMBS/008814001,INT,2019-05-26T23:35:00,2019-05-26T23:35:00,,320
http://irail.be/vehicle/INT1118,http://irail.be/stations/NMBS/008844644,INT,2019-06-10T22:29:00,2019-06-10T22:29:00,-38,-38
http://irail.be/vehicle/INT1118,http://irail.be/stations/NMBS/008842036,INT,2019-06-10T22:41:00,2019-06-10T22:41:00,-69,-69
http://irail.be/vehicle/INT1118,http://irail.be/stations/NMBS/008842002,INT,2019-06-10T22:42:00,2019-06-10T22:42:00,-61,-61
http://irail.be/vehicle/INT1118,http://irail.be/stations/NMBS/008841004,INT,2019-06-10T22:46:00,2019-06-10T22:44:00,34,-8
http://irail.be/vehicle/INT1118,http://irail.be/stations/NMBS/008841202,INT,2019-06-10T22:51:00,2019-06-10T22:51:00,95,95
http://irail.be/vehicle/INT1118,http://irail.be/stations/NMBS/008833001,INT,2019-06-10T23:11:00,2019-06-10T23:11:00,205,205
http://irail.be/vehicle/INT1118,http://irail.be/stations/NMBS/008811288,INT,2019-06-10T23:13:00,2019-06-10T23:13:00,321,321
http://irail.be/vehicle/INT1118,http://irail.be/stations/NMBS/008811270,INT,2019-06-10T23:15:00,2019-06-10T23:15:00,339,339
http://irail.be/vehicle/INT1118,http://irail.be/stations/NMBS/008811262,INT,2019-06-10T23:16:00,2019-06-10T23:16:00,339,339
http://irail.be/vehicle/INT1118,http://irail.be/stations/NMBS/008811254,INT,2019-06-10T23:17:00,2019-06-10T23:17:00,339,339
http://irail.be/vehicle/INT1118,http://irail.be/stations/NMBS/008811247,INT,2019-06-10T23:18:00,2019-06-10T23:18:00,332,332
http://irail.be/vehicle/INT1118,http://irail.be/stations/NMBS/008811221,INT,2019-06-10T23:19:00,2019-06-10T23:19:00,342,342
http://irail.be/vehicle/INT1118,http://irail.be/stations/NMBS/008811213,INT,2019-06-10T23:20:00,2019-06-10T23:20:00,329,329
http://irail.be/vehicle/INT1118,http://irail.be/stations/NMBS/008811130,INT,2019-06-10T23:21:00,2019-06-10T23:21:00,295,295
http://irail.be/vehicle/INT1118,http://irail.be/stations/NMBS/008811007,INT,2019-06-10T23:22:00,2019-06-10T23:22:00,347,347
http://irail.be/vehicle/INT1118,http://irail.be/stations/NMBS/008812005,INT,2019-06-10T23:28:00,2019-06-10T23:26:00,234,311
http://irail.be/vehicle/INT1118,http://irail.be/stations/NMBS/008813045,INT,2019-06-10T23:30:00,2019-06-10T23:30:00,233,233
http://irail.be/vehicle/INT1118,http://irail.be/stations/NMBS/008813003,INT,2019-06-10T23:31:00,2019-06-10T23:31:00,239,239
http://irail.be/vehicle/INT1118,http://irail.be/stations/NMBS/008813037,INT,2019-06-10T23:32:00,2019-06-10T23:32:00,236,236
http://irail.be/vehicle/INT1118,http://irail.be/stations/NMBS/008814001,INT,2019-06-10T23:35:00,2019-06-10T23:35:00,,221
http://irail.be/vehicle/INT1118,http://irail.be/stations/NMBS/008844644,INT,2019-06-30T22:29:00,2019-06-30T22:29:00,2044,2044
http://irail.be/vehicle/INT1118,http://irail.be/stations/NMBS/008842036,INT,2019-06-30T22:41:00,2019-06-30T22:41:00,2010,2010
http://irail.be/vehicle/INT1118,http://irail.be/stations/NMBS/008842002,INT,2019-06-30T22:42:00,2019-06-30T22:42:00,2001,2001
http://irail.be/vehicle/INT1118,http://irail.be/stations/NMBS/008841004,INT,2019-06-30T22:46:00,2019-06-30T22:44:00,1977,1992
http://irail.be/vehicle/INT1118,http://irail.be/stations/NMBS/008841202,INT,2019-06-30T22:51:00,2019-06-30T22:51:00,1957,1957
http://irail.be/vehicle/INT1118,http://irail.be/stations/NMBS/008833001,INT,2019-06-30T23:11:00,2019-06-30T23:11:00,1882,1882
http://irail.be/vehicle/INT1118,http://irail.be/stations/NMBS/008811288,INT,2019-06-30T23:13:00,2019-06-30T23:13:00,1923,1923
http://irail.be/vehicle/INT1118,http://irail.be/stations/NMBS/008811270,INT,2019-06-30T23:15:00,2019-06-30T23:15:00,1794,1794
http://irail.be/vehicle/INT1118,http://irail.be/stations/NMBS/008811262,INT,2019-06-30T23:16:00,2019-06-30T23:16:00,1811,1811
http://irail.be/vehicle/INT1118,NO-URI,INT,2019-06-30T23:17:00,2019-06-30T23:17:00,1816,1816
http://irail.be/vehicle/INT1118,http://irail.be/stations/NMBS/008811254,INT,2019-06-30T23:17:00,2019-06-30T23:17:00,1844,1844
http://irail.be/vehicle/INT1118,http://irail.be/stations/NMBS/008811247,INT,2019-06-30T23:18:00,2019-06-30T23:18:00,1869,1869
http://irail.be/vehicle/INT1118,http://irail.be/stations/NMBS/008811221,INT,2019-06-30T23:19:00,2019-06-30T23:19:00,1913,1913
http://irail.be/vehicle/INT1118,http://irail.be/stations/NMBS/008811213,INT,2019-06-30T23:20:00,2019-06-30T23:20:00,1898,1898
http://irail.be/vehicle/INT1118,http://irail.be/stations/NMBS/008811130,INT,2019-06-30T23:21:00,2019-06-30T23:21:00,1860,1860
http://irail.be/vehicle/INT1118,http://irail.be/stations/NMBS/008811007,INT,2019-06-30T23:22:00,2019-06-30T23:22:00,1901,1901
http://irail.be/vehicle/INT1118,http://irail.be/stations/NMBS/008812005,INT,2019-06-30T23:28:00,2019-06-30T23:26:00,1863,1865
http://irail.be/vehicle/INT1118,http://irail.be/stations/NMBS/008813045,INT,2019-06-30T23:30:00,2019-06-30T23:30:00,1873,1873
http://irail.be/vehicle/INT1118,http://irail.be/stations/NMBS/008813003,INT,2019-06-30T23:31:00,2019-06-30T23:31:00,1881,1881
http://irail.be/vehicle/INT1118,http://irail.be/stations/NMBS/008813037,INT,2019-06-30T23:32:00,2019-06-30T23:32:00,1876,1876
http://irail.be/vehicle/INT1118,http://irail.be/stations/NMBS/008814001,INT,2019-06-30T23:35:00,2019-06-30T23:35:00,,1859
http://irail.be/vehicle/INT1118,http://irail.be/stations/NMBS/008844644,INT,2019-06-16T22:29:00,2019-06-16T22:29:00,-31,-31
http://irail.be/vehicle/INT1118,http://irail.be/stations/NMBS/008842036,INT,2019-06-16T22:41:00,2019-06-16T22:41:00,-60,-60
http://irail.be/vehicle/INT1118,http://irail.be/stations/NMBS/008842002,INT,2019-06-16T22:42:00,2019-06-16T22:42:00,-68,-68
http://irail.be/vehicle/INT1118,http://irail.be/stations/NMBS/008841004,INT,2019-06-16T22:46:00,2019-06-16T22:44:00,60,-31
http://irail.be/vehicle/INT1118,http://irail.be/stations/NMBS/008841202,INT,2019-06-16T22:51:00,2019-06-16T22:51:00,70,70
http://irail.be/vehicle/INT1118,http://irail.be/stations/NMBS/008833001,INT,2019-06-16T23:11:00,2019-06-16T23:11:00,3108,3108
http://irail.be/vehicle/INT1118,http://irail.be/stations/NMBS/008811288,INT,2019-06-16T23:13:00,2019-06-16T23:13:00,3180,3180
http://irail.be/vehicle/INT1118,http://irail.be/stations/NMBS/008811270,INT,2019-06-16T23:15:00,2019-06-16T23:15:00,3189,3189
http://irail.be/vehicle/INT1118,http://irail.be/stations/NMBS/008811262,INT,2019-06-16T23:16:00,2019-06-16T23:16:00,3189,3189
http://irail.be/vehicle/INT1118,http://irail.be/stations/NMBS/008811254,INT,2019-06-16T23:17:00,2019-06-16T23:17:00,3189,3189
http://irail.be/vehicle/INT1118,http://irail.be/stations/NMBS/008811247,INT,2019-06-16T23:18:00,2019-06-16T23:18:00,3179,3179
http://irail.be/vehicle/INT1118,http://irail.be/stations/NMBS/008811221,INT,2019-06-16T23:19:00,2019-06-16T23:19:00,3188,3188
http://irail.be/vehicle/INT1118,http://irail.be/stations/NMBS/008811213,INT,2019-06-16T23:20:00,2019-06-16T23:20:00,3175,3175
http://irail.be/vehicle/INT1118,http://irail.be/stations/NMBS/008811130,INT,2019-06-16T23:21:00,2019-06-16T23:21:00,3132,3132
http://irail.be/vehicle/INT1118,http://irail.be/stations/NMBS/008811007,INT,2019-06-16T23:22:00,2019-06-16T23:22:00,3173,3173
http://irail.be/vehicle/INT1118,http://irail.be/stations/NMBS/008812005,INT,2019-06-16T23:28:00,2019-06-16T23:26:00,3095,3136
http://irail.be/vehicle/INT1118,http://irail.be/stations/NMBS/008813045,INT,2019-06-16T23:30:00,2019-06-16T23:30:00,3110,3110
http://irail.be/vehicle/INT1118,http://irail.be/stations/NMBS/008813003,INT,2019-06-16T23:31:00,2019-06-16T23:31:00,3115,3115
http://irail.be/vehicle/INT1118,http://irail.be/stations/NMBS/008813037,INT,2019-06-16T23:32:00,2019-06-16T23:32:00,3112,3112
http://irail.be/vehicle/INT1118,http://irail.be/stations/NMBS/008814001,INT,2019-06-16T23:35:00,2019-06-16T23:35:00,,3096
http://irail.be/vehicle/INT1118,http://irail.be/stations/NMBS/008844644,INT,2019-05-12T22:29:00,2019-05-12T22:29:00,-37,-37
http://irail.be/vehicle/INT1118,http://irail.be/stations/NMBS/008842036,INT,2019-05-12T22:41:00,2019-05-12T22:41:00,-65,-65
http://irail.be/vehicle/INT1118,http://irail.be/stations/NMBS/008842002,INT,2019-05-12T22:42:00,2019-05-12T22:42:00,-55,-55
http://irail.be/vehicle/INT1118,http://irail.be/stations/NMBS/008841004,INT,2019-05-12T22:46:00,2019-05-12T22:44:00,44,-23
http://irail.be/vehicle/INT1118,http://irail.be/stations/NMBS/008841202,INT,2019-05-12T22:51:00,2019-05-12T22:51:00,110,110
http://irail.be/vehicle/INT1118,http://irail.be/stations/NMBS/008833001,INT,2019-05-12T23:11:00,2019-05-12T23:11:00,51,51
http://irail.be/vehicle/INT1118,http://irail.be/stations/NMBS/008811288,INT,2019-05-12T23:13:00,2019-05-12T23:13:00,56,56
http://irail.be/vehicle/INT1118,http://irail.be/stations/NMBS/008811270,INT,2019-05-12T23:15:00,2019-05-12T23:15:00,40,40
http://irail.be/vehicle/INT1118,http://irail.be/stations/NMBS/008811262,INT,2019-05-12T23:16:00,2019-05-12T23:16:00,40,40
http://irail.be/vehicle/INT1118,http://irail.be/stations/NMBS/008811254,INT,2019-05-12T23:17:00,2019-05-12T23:17:00,40,40
http://irail.be/vehicle/INT1118,http://irail.be/stations/NMBS/008811247,INT,2019-05-12T23:18:00,2019-05-12T23:18:00,31,31
http://irail.be/vehicle/INT1118,http://irail.be/stations/NMBS/008811221,INT,2019-05-12T23:19:00,2019-05-12T23:19:00,42,42
http://irail.be/vehicle/INT1118,http://irail.be/stations/NMBS/008811213,INT,2019-05-12T23:20:00,2019-05-12T23:20:00,28,28
http://irail.be/vehicle/INT1118,http://irail.be/stations/NMBS/008811130,INT,2019-05-12T23:21:00,2019-05-12T23:21:00,-9,-9
http://irail.be/vehicle/INT1118,http://irail.be/stations/NMBS/008811007,INT,2019-05-12T23:22:00,2019-05-12T23:22:00,42,42
http://irail.be/vehicle/INT1118,http://irail.be/stations/NMBS/008812005,INT,2019-05-12T23:28:00,2019-05-12T23:26:00,68,14
http://irail.be/vehicle/INT1118,http://irail.be/stations/NMBS/008813045,INT,2019-05-12T23:30:00,2019-05-12T23:30:00,64,64
http://irail.be/vehicle/INT1118,http://irail.be/stations/NMBS/008813003,INT,2019-05-12T23:31:00,2019-05-12T23:31:00,79,79
http://irail.be/vehicle/INT1118,http://irail.be/stations/NMBS/008813037,INT,2019-05-12T23:32:00,2019-05-12T23:32:00,80,80
http://irail.be/vehicle/INT1118,http://irail.be/stations/NMBS/008814001,INT,2019-05-12T23:35:00,2019-05-12T23:35:00,,70
