http://irail.be/vehicle/L5869,http://irail.be/stations/NMBS/008865003,L,2019-01-13T19:19:00,2019-01-13T19:19:00,17,
http://irail.be/vehicle/L5869,http://irail.be/stations/NMBS/008866258,L,2019-01-13T19:26:00,2019-01-13T19:26:00,74,-45
http://irail.be/vehicle/L5869,http://irail.be/stations/NMBS/008866175,L,2019-01-13T19:37:00,2019-01-13T19:36:00,140,123
http://irail.be/vehicle/L5869,http://irail.be/stations/NMBS/008866142,L,2019-01-13T19:43:00,2019-01-13T19:43:00,120,87
http://irail.be/vehicle/L5869,http://irail.be/stations/NMBS/008862018,L,2019-01-13T19:50:00,2019-01-13T19:50:00,149,149
http://irail.be/vehicle/L5869,http://irail.be/stations/NMBS/008866118,L,2019-01-13T19:52:00,2019-01-13T19:52:00,151,151
http://irail.be/vehicle/L5869,http://irail.be/stations/NMBS/008866001,L,2019-01-13T19:55:00,2019-01-13T19:55:00,,151
http://irail.be/vehicle/L5869,http://irail.be/stations/NMBS/008865003,L,2019-01-01T19:19:00,2019-01-01T19:19:00,27,
http://irail.be/vehicle/L5869,http://irail.be/stations/NMBS/008866258,L,2019-01-01T19:26:00,2019-01-01T19:26:00,131,15
http://irail.be/vehicle/L5869,http://irail.be/stations/NMBS/008866175,L,2019-01-01T19:37:00,2019-01-01T19:36:00,177,170
http://irail.be/vehicle/L5869,http://irail.be/stations/NMBS/008866142,L,2019-01-01T19:43:00,2019-01-01T19:43:00,139,105
http://irail.be/vehicle/L5869,http://irail.be/stations/NMBS/008862018,L,2019-01-01T19:50:00,2019-01-01T19:50:00,158,158
http://irail.be/vehicle/L5869,http://irail.be/stations/NMBS/008866118,L,2019-01-01T19:52:00,2019-01-01T19:52:00,156,156
http://irail.be/vehicle/L5869,http://irail.be/stations/NMBS/008866001,L,2019-01-01T19:55:00,2019-01-01T19:55:00,,156
http://irail.be/vehicle/L5869,http://irail.be/stations/NMBS/008865003,L,2019-04-13T19:19:00,2019-04-13T19:19:00,62,
http://irail.be/vehicle/L5869,http://irail.be/stations/NMBS/008866258,L,2019-04-13T19:26:00,2019-04-13T19:26:00,385,32
http://irail.be/vehicle/L5869,http://irail.be/stations/NMBS/008866175,L,2019-04-13T19:37:00,2019-04-13T19:36:00,945,401
http://irail.be/vehicle/L5869,http://irail.be/stations/NMBS/008866142,L,2019-04-13T19:43:00,2019-04-13T19:43:00,884,858
http://irail.be/vehicle/L5869,http://irail.be/stations/NMBS/008862018,L,2019-04-13T19:50:00,2019-04-13T19:50:00,894,894
http://irail.be/vehicle/L5869,http://irail.be/stations/NMBS/008866118,L,2019-04-13T19:52:00,2019-04-13T19:52:00,862,862
http://irail.be/vehicle/L5869,http://irail.be/stations/NMBS/008866001,L,2019-04-13T19:55:00,2019-04-13T19:55:00,,862
http://irail.be/vehicle/L5869,http://irail.be/stations/NMBS/008865003,L,2019-03-24T19:19:00,2019-03-24T19:19:00,23,
http://irail.be/vehicle/L5869,http://irail.be/stations/NMBS/008866258,L,2019-03-24T19:26:00,2019-03-24T19:26:00,24,-8
http://irail.be/vehicle/L5869,http://irail.be/stations/NMBS/008866175,L,2019-03-24T19:37:00,2019-03-24T19:36:00,105,65
http://irail.be/vehicle/L5869,http://irail.be/stations/NMBS/008866142,L,2019-03-24T19:43:00,2019-03-24T19:43:00,97,48
http://irail.be/vehicle/L5869,http://irail.be/stations/NMBS/008862018,L,2019-03-24T19:50:00,2019-03-24T19:50:00,111,111
http://irail.be/vehicle/L5869,http://irail.be/stations/NMBS/008866118,L,2019-03-24T19:52:00,2019-03-24T19:52:00,103,103
http://irail.be/vehicle/L5869,http://irail.be/stations/NMBS/008866001,L,2019-03-24T19:55:00,2019-03-24T19:55:00,,103
http://irail.be/vehicle/L5869,http://irail.be/stations/NMBS/008865003,L,2019-03-16T19:19:00,2019-03-16T19:19:00,20,
http://irail.be/vehicle/L5869,http://irail.be/stations/NMBS/008866258,L,2019-03-16T19:26:00,2019-03-16T19:26:00,90,-8
http://irail.be/vehicle/L5869,http://irail.be/stations/NMBS/008866175,L,2019-03-16T19:37:00,2019-03-16T19:36:00,169,119
http://irail.be/vehicle/L5869,http://irail.be/stations/NMBS/008866142,L,2019-03-16T19:43:00,2019-03-16T19:43:00,103,83
http://irail.be/vehicle/L5869,http://irail.be/stations/NMBS/008862018,L,2019-03-16T19:50:00,2019-03-16T19:50:00,122,122
http://irail.be/vehicle/L5869,http://irail.be/stations/NMBS/008866118,L,2019-03-16T19:52:00,2019-03-16T19:52:00,97,97
http://irail.be/vehicle/L5869,http://irail.be/stations/NMBS/008866001,L,2019-03-16T19:55:00,2019-03-16T19:55:00,,97
http://irail.be/vehicle/L5869,http://irail.be/stations/NMBS/008865003,L,2019-03-30T19:19:00,2019-03-30T19:19:00,24,
http://irail.be/vehicle/L5869,http://irail.be/stations/NMBS/008866258,L,2019-03-30T19:26:00,2019-03-30T19:26:00,101,-5
http://irail.be/vehicle/L5869,http://irail.be/stations/NMBS/008866175,L,2019-03-30T19:37:00,2019-03-30T19:36:00,153,145
http://irail.be/vehicle/L5869,http://irail.be/stations/NMBS/008866142,L,2019-03-30T19:43:00,2019-03-30T19:43:00,130,72
http://irail.be/vehicle/L5869,http://irail.be/stations/NMBS/008862018,L,2019-03-30T19:50:00,2019-03-30T19:50:00,162,162
http://irail.be/vehicle/L5869,http://irail.be/stations/NMBS/008866118,L,2019-03-30T19:52:00,2019-03-30T19:52:00,143,143
http://irail.be/vehicle/L5869,http://irail.be/stations/NMBS/008866001,L,2019-03-30T19:55:00,2019-03-30T19:55:00,,143
http://irail.be/vehicle/L5869,http://irail.be/stations/NMBS/008865003,L,2019-01-05T19:19:00,2019-01-05T19:19:00,24,
http://irail.be/vehicle/L5869,http://irail.be/stations/NMBS/008866258,L,2019-01-05T19:26:00,2019-01-05T19:26:00,71,4
http://irail.be/vehicle/L5869,http://irail.be/stations/NMBS/008866175,L,2019-01-05T19:37:00,2019-01-05T19:36:00,129,108
http://irail.be/vehicle/L5869,http://irail.be/stations/NMBS/008866142,L,2019-01-05T19:43:00,2019-01-05T19:43:00,82,52
http://irail.be/vehicle/L5869,http://irail.be/stations/NMBS/008862018,L,2019-01-05T19:50:00,2019-01-05T19:50:00,111,111
http://irail.be/vehicle/L5869,http://irail.be/stations/NMBS/008866118,L,2019-01-05T19:52:00,2019-01-05T19:52:00,131,131
http://irail.be/vehicle/L5869,http://irail.be/stations/NMBS/008866001,L,2019-01-05T19:55:00,2019-01-05T19:55:00,,131
http://irail.be/vehicle/L5869,http://irail.be/stations/NMBS/008865003,L,2019-02-10T19:19:00,2019-02-10T19:19:00,11,
http://irail.be/vehicle/L5869,http://irail.be/stations/NMBS/008866258,L,2019-02-10T19:26:00,2019-02-10T19:26:00,295,-4
http://irail.be/vehicle/L5869,http://irail.be/stations/NMBS/008866175,L,2019-02-10T19:37:00,2019-02-10T19:36:00,358,341
http://irail.be/vehicle/L5869,http://irail.be/stations/NMBS/008866142,L,2019-02-10T19:43:00,2019-02-10T19:43:00,323,288
http://irail.be/vehicle/L5869,http://irail.be/stations/NMBS/008862018,L,2019-02-10T19:50:00,2019-02-10T19:50:00,342,342
http://irail.be/vehicle/L5869,http://irail.be/stations/NMBS/008866118,L,2019-02-10T19:52:00,2019-02-10T19:52:00,311,311
http://irail.be/vehicle/L5869,http://irail.be/stations/NMBS/008866001,L,2019-02-10T19:55:00,2019-02-10T19:55:00,,311
http://irail.be/vehicle/L5869,http://irail.be/stations/NMBS/008865003,L,2019-04-06T19:16:00,2019-04-06T19:16:00,40,
http://irail.be/vehicle/L5869,http://irail.be/stations/NMBS/008866258,L,2019-04-06T19:23:00,2019-04-06T19:23:00,87,78
http://irail.be/vehicle/L5869,http://irail.be/stations/NMBS/008866175,L,2019-04-06T19:34:00,2019-04-06T19:33:00,143,97
http://irail.be/vehicle/L5869,http://irail.be/stations/NMBS/008866142,L,2019-04-06T19:40:00,2019-04-06T19:40:00,108,77
http://irail.be/vehicle/L5869,http://irail.be/stations/NMBS/008862018,L,2019-04-06T19:47:00,2019-04-06T19:47:00,127,127
http://irail.be/vehicle/L5869,http://irail.be/stations/NMBS/008866118,L,2019-04-06T19:49:00,2019-04-06T19:49:00,85,85
http://irail.be/vehicle/L5869,http://irail.be/stations/NMBS/008866001,L,2019-04-06T19:52:00,2019-04-06T19:52:00,,85
http://irail.be/vehicle/L5869,http://irail.be/stations/NMBS/008865003,L,2019-01-20T19:19:00,2019-01-20T19:19:00,53,
http://irail.be/vehicle/L5869,http://irail.be/stations/NMBS/008866258,L,2019-01-20T19:26:00,2019-01-20T19:26:00,121,22
http://irail.be/vehicle/L5869,http://irail.be/stations/NMBS/008866175,L,2019-01-20T19:37:00,2019-01-20T19:36:00,195,182
http://irail.be/vehicle/L5869,http://irail.be/stations/NMBS/008866142,L,2019-01-20T19:43:00,2019-01-20T19:43:00,222,152
http://irail.be/vehicle/L5869,http://irail.be/stations/NMBS/008862018,L,2019-01-20T19:50:00,2019-01-20T19:50:00,277,277
http://irail.be/vehicle/L5869,http://irail.be/stations/NMBS/008866118,L,2019-01-20T19:52:00,2019-01-20T19:52:00,330,330
http://irail.be/vehicle/L5869,http://irail.be/stations/NMBS/008866001,L,2019-01-20T19:55:00,2019-01-20T19:55:00,,330
http://irail.be/vehicle/L5869,http://irail.be/stations/NMBS/008865003,L,2019-04-28T19:19:00,2019-04-28T19:19:00,53,
http://irail.be/vehicle/L5869,http://irail.be/stations/NMBS/008866258,L,2019-04-28T19:26:00,2019-04-28T19:26:00,363,-9
http://irail.be/vehicle/L5869,http://irail.be/stations/NMBS/008866175,L,2019-04-28T19:37:00,2019-04-28T19:36:00,408,387
http://irail.be/vehicle/L5869,http://irail.be/stations/NMBS/008866142,L,2019-04-28T19:43:00,2019-04-28T19:43:00,354,329
http://irail.be/vehicle/L5869,http://irail.be/stations/NMBS/008862018,L,2019-04-28T19:50:00,2019-04-28T19:50:00,369,369
http://irail.be/vehicle/L5869,http://irail.be/stations/NMBS/008866118,L,2019-04-28T19:52:00,2019-04-28T19:52:00,347,347
http://irail.be/vehicle/L5869,http://irail.be/stations/NMBS/008866001,L,2019-04-28T19:55:00,2019-04-28T19:55:00,,347
http://irail.be/vehicle/L5869,http://irail.be/stations/NMBS/008865003,L,2019-06-02T19:19:00,2019-06-02T19:19:00,18,
http://irail.be/vehicle/L5869,http://irail.be/stations/NMBS/008866258,L,2019-06-02T19:26:00,2019-06-02T19:26:00,90,-52
http://irail.be/vehicle/L5869,http://irail.be/stations/NMBS/008866175,L,2019-06-02T19:37:00,2019-06-02T19:36:00,54,69
http://irail.be/vehicle/L5869,http://irail.be/stations/NMBS/008866142,L,2019-06-02T19:43:00,2019-06-02T19:43:00,-38,-40
http://irail.be/vehicle/L5869,http://irail.be/stations/NMBS/008862018,L,2019-06-02T19:50:00,2019-06-02T19:50:00,20,20
http://irail.be/vehicle/L5869,http://irail.be/stations/NMBS/008866118,L,2019-06-02T19:52:00,2019-06-02T19:52:00,-13,-13
http://irail.be/vehicle/L5869,http://irail.be/stations/NMBS/008866001,L,2019-06-02T19:55:00,2019-06-02T19:55:00,,-13
http://irail.be/vehicle/L5869,http://irail.be/stations/NMBS/008865003,L,2019-02-02T19:19:00,2019-02-02T19:19:00,20,
http://irail.be/vehicle/L5869,http://irail.be/stations/NMBS/008866258,L,2019-02-02T19:26:00,2019-02-02T19:26:00,-13,-13
http://irail.be/vehicle/L5869,http://irail.be/stations/NMBS/008866175,L,2019-02-02T19:37:00,2019-02-02T19:36:00,9,-17
http://irail.be/vehicle/L5869,http://irail.be/stations/NMBS/008866142,L,2019-02-02T19:43:00,2019-02-02T19:43:00,-12,-78
http://irail.be/vehicle/L5869,http://irail.be/stations/NMBS/008862018,L,2019-02-02T19:50:00,2019-02-02T19:50:00,28,28
http://irail.be/vehicle/L5869,http://irail.be/stations/NMBS/008866118,L,2019-02-02T19:52:00,2019-02-02T19:52:00,4,4
http://irail.be/vehicle/L5869,http://irail.be/stations/NMBS/008866001,L,2019-02-02T19:55:00,2019-02-02T19:55:00,,4
http://irail.be/vehicle/L5869,http://irail.be/stations/NMBS/008865003,L,2019-03-23T19:19:00,2019-03-23T19:19:00,46,
http://irail.be/vehicle/L5869,http://irail.be/stations/NMBS/008866258,L,2019-03-23T19:26:00,2019-03-23T19:26:00,153,14
http://irail.be/vehicle/L5869,http://irail.be/stations/NMBS/008866175,L,2019-03-23T19:37:00,2019-03-23T19:36:00,271,196
http://irail.be/vehicle/L5869,http://irail.be/stations/NMBS/008866142,L,2019-03-23T19:43:00,2019-03-23T19:43:00,242,217
http://irail.be/vehicle/L5869,http://irail.be/stations/NMBS/008862018,L,2019-03-23T19:50:00,2019-03-23T19:50:00,281,281
http://irail.be/vehicle/L5869,http://irail.be/stations/NMBS/008866118,L,2019-03-23T19:52:00,2019-03-23T19:52:00,295,295
http://irail.be/vehicle/L5869,http://irail.be/stations/NMBS/008866001,L,2019-03-23T19:55:00,2019-03-23T19:55:00,,295
http://irail.be/vehicle/L5869,http://irail.be/stations/NMBS/008865003,L,2019-02-09T19:19:00,2019-02-09T19:19:00,21,
http://irail.be/vehicle/L5869,http://irail.be/stations/NMBS/008866258,L,2019-02-09T19:26:00,2019-02-09T19:26:00,990,-10
http://irail.be/vehicle/L5869,http://irail.be/stations/NMBS/008866175,L,2019-02-09T19:37:00,2019-02-09T19:36:00,1602,1398
http://irail.be/vehicle/L5869,http://irail.be/stations/NMBS/008866142,L,2019-02-09T19:43:00,2019-02-09T19:43:00,1532,1514
http://irail.be/vehicle/L5869,http://irail.be/stations/NMBS/008862018,L,2019-02-09T19:50:00,2019-02-09T19:50:00,1553,1553
http://irail.be/vehicle/L5869,http://irail.be/stations/NMBS/008866118,L,2019-02-09T19:52:00,2019-02-09T19:52:00,1539,1539
http://irail.be/vehicle/L5869,http://irail.be/stations/NMBS/008866001,L,2019-02-09T19:55:00,2019-02-09T19:55:00,,1539
http://irail.be/vehicle/L5869,http://irail.be/stations/NMBS/008865003,L,2019-02-24T19:19:00,2019-02-24T19:19:00,33,
http://irail.be/vehicle/L5869,http://irail.be/stations/NMBS/008866258,L,2019-02-24T19:26:00,2019-02-24T19:26:00,252,-25
http://irail.be/vehicle/L5869,http://irail.be/stations/NMBS/008866175,L,2019-02-24T19:37:00,2019-02-24T19:36:00,297,282
http://irail.be/vehicle/L5869,http://irail.be/stations/NMBS/008866142,L,2019-02-24T19:43:00,2019-02-24T19:43:00,244,237
http://irail.be/vehicle/L5869,http://irail.be/stations/NMBS/008862018,L,2019-02-24T19:50:00,2019-02-24T19:50:00,248,248
http://irail.be/vehicle/L5869,http://irail.be/stations/NMBS/008866118,L,2019-02-24T19:52:00,2019-02-24T19:52:00,215,215
http://irail.be/vehicle/L5869,http://irail.be/stations/NMBS/008866001,L,2019-02-24T19:55:00,2019-02-24T19:55:00,,215
http://irail.be/vehicle/L5869,http://irail.be/stations/NMBS/008865003,L,2019-02-17T19:19:00,2019-02-17T19:19:00,21,
http://irail.be/vehicle/L5869,http://irail.be/stations/NMBS/008866258,L,2019-02-17T19:26:00,2019-02-17T19:26:00,122,23
http://irail.be/vehicle/L5869,http://irail.be/stations/NMBS/008866175,L,2019-02-17T19:37:00,2019-02-17T19:36:00,143,138
http://irail.be/vehicle/L5869,http://irail.be/stations/NMBS/008866142,L,2019-02-17T19:43:00,2019-02-17T19:43:00,77,58
http://irail.be/vehicle/L5869,http://irail.be/stations/NMBS/008862018,L,2019-02-17T19:50:00,2019-02-17T19:50:00,88,88
http://irail.be/vehicle/L5869,http://irail.be/stations/NMBS/008866118,L,2019-02-17T19:52:00,2019-02-17T19:52:00,52,52
http://irail.be/vehicle/L5869,http://irail.be/stations/NMBS/008866001,L,2019-02-17T19:55:00,2019-02-17T19:55:00,,52
http://irail.be/vehicle/L5869,http://irail.be/stations/NMBS/008865003,L,2019-01-26T19:19:00,2019-01-26T19:19:00,23,
http://irail.be/vehicle/L5869,http://irail.be/stations/NMBS/008866258,L,2019-01-26T19:26:00,2019-01-26T19:26:00,101,13
http://irail.be/vehicle/L5869,http://irail.be/stations/NMBS/008866175,L,2019-01-26T19:37:00,2019-01-26T19:36:00,174,142
http://irail.be/vehicle/L5869,http://irail.be/stations/NMBS/008866142,L,2019-01-26T19:43:00,2019-01-26T19:43:00,129,98
http://irail.be/vehicle/L5869,http://irail.be/stations/NMBS/008862018,L,2019-01-26T19:50:00,2019-01-26T19:50:00,150,150
http://irail.be/vehicle/L5869,http://irail.be/stations/NMBS/008866118,L,2019-01-26T19:52:00,2019-01-26T19:52:00,164,164
http://irail.be/vehicle/L5869,http://irail.be/stations/NMBS/008866001,L,2019-01-26T19:55:00,2019-01-26T19:55:00,,164
http://irail.be/vehicle/L5869,http://irail.be/stations/NMBS/008865003,L,2019-04-07T19:16:00,2019-04-07T19:16:00,49,
http://irail.be/vehicle/L5869,http://irail.be/stations/NMBS/008866258,L,2019-04-07T19:23:00,2019-04-07T19:23:00,671,671
http://irail.be/vehicle/L5869,http://irail.be/stations/NMBS/008866175,L,2019-04-07T19:34:16,2019-04-07T19:33:16,639,647
http://irail.be/vehicle/L5869,http://irail.be/stations/NMBS/008866142,L,2019-04-07T19:40:00,2019-04-07T19:40:00,548,545
http://irail.be/vehicle/L5869,http://irail.be/stations/NMBS/008862018,L,2019-04-07T19:47:00,2019-04-07T19:47:00,553,553
http://irail.be/vehicle/L5869,http://irail.be/stations/NMBS/008866118,L,2019-04-07T19:49:00,2019-04-07T19:49:00,532,532
http://irail.be/vehicle/L5869,http://irail.be/stations/NMBS/008866001,L,2019-04-07T19:52:08,2019-04-07T19:52:08,,532
http://irail.be/vehicle/L5869,http://irail.be/stations/NMBS/008865003,L,2019-03-17T19:19:00,2019-03-17T19:19:00,23,
http://irail.be/vehicle/L5869,http://irail.be/stations/NMBS/008866258,L,2019-03-17T19:26:00,2019-03-17T19:26:00,24,-1
http://irail.be/vehicle/L5869,http://irail.be/stations/NMBS/008866175,L,2019-03-17T19:37:00,2019-03-17T19:36:00,92,55
http://irail.be/vehicle/L5869,http://irail.be/stations/NMBS/008866142,L,2019-03-17T19:43:00,2019-03-17T19:43:00,60,11
http://irail.be/vehicle/L5869,http://irail.be/stations/NMBS/008862018,L,2019-03-17T19:50:00,2019-03-17T19:50:00,87,87
http://irail.be/vehicle/L5869,http://irail.be/stations/NMBS/008866118,L,2019-03-17T19:52:00,2019-03-17T19:52:00,67,67
http://irail.be/vehicle/L5869,http://irail.be/stations/NMBS/008866001,L,2019-03-17T19:55:00,2019-03-17T19:55:00,,67
http://irail.be/vehicle/L5869,http://irail.be/stations/NMBS/008865003,L,2019-06-09T19:19:00,2019-06-09T19:19:00,33,
http://irail.be/vehicle/L5869,http://irail.be/stations/NMBS/008866258,L,2019-06-09T19:26:00,2019-06-09T19:26:00,0,0
http://irail.be/vehicle/L5869,http://irail.be/stations/NMBS/008866175,L,2019-06-09T19:37:00,2019-06-09T19:36:00,10,-23
http://irail.be/vehicle/L5869,http://irail.be/stations/NMBS/008866142,L,2019-06-09T19:43:00,2019-06-09T19:43:00,-22,-71
http://irail.be/vehicle/L5869,http://irail.be/stations/NMBS/008862018,L,2019-06-09T19:50:00,2019-06-09T19:50:00,27,27
http://irail.be/vehicle/L5869,http://irail.be/stations/NMBS/008866118,L,2019-06-09T19:52:00,2019-06-09T19:52:00,10,10
http://irail.be/vehicle/L5869,http://irail.be/stations/NMBS/008866001,L,2019-06-09T19:55:00,2019-06-09T19:55:00,,10
http://irail.be/vehicle/L5869,http://irail.be/stations/NMBS/008865003,L,2019-03-31T19:19:00,2019-03-31T19:19:00,15,
http://irail.be/vehicle/L5869,http://irail.be/stations/NMBS/008866258,L,2019-03-31T19:26:00,2019-03-31T19:26:00,23,-12
http://irail.be/vehicle/L5869,http://irail.be/stations/NMBS/008866175,L,2019-03-31T19:37:56,2019-03-31T19:36:56,189,37
http://irail.be/vehicle/L5869,http://irail.be/stations/NMBS/008866142,L,2019-03-31T19:43:08,2019-03-31T19:43:08,115,96
http://irail.be/vehicle/L5869,http://irail.be/stations/NMBS/008862018,L,2019-03-31T19:50:00,2019-03-31T19:50:00,128,128
http://irail.be/vehicle/L5869,http://irail.be/stations/NMBS/008866118,L,2019-03-31T19:52:00,2019-03-31T19:52:00,88,88
http://irail.be/vehicle/L5869,http://irail.be/stations/NMBS/008866001,L,2019-03-31T19:55:09,2019-03-31T19:55:09,,88
http://irail.be/vehicle/L5869,http://irail.be/stations/NMBS/008865003,L,2019-02-23T19:19:00,2019-02-23T19:19:00,48,
http://irail.be/vehicle/L5869,http://irail.be/stations/NMBS/008866258,L,2019-02-23T19:26:00,2019-02-23T19:26:00,78,17
http://irail.be/vehicle/L5869,http://irail.be/stations/NMBS/008866175,L,2019-02-23T19:37:00,2019-02-23T19:36:00,131,115
http://irail.be/vehicle/L5869,http://irail.be/stations/NMBS/008866142,L,2019-02-23T19:43:00,2019-02-23T19:43:00,70,46
http://irail.be/vehicle/L5869,http://irail.be/stations/NMBS/008862018,L,2019-02-23T19:50:00,2019-02-23T19:50:00,78,78
http://irail.be/vehicle/L5869,http://irail.be/stations/NMBS/008866118,L,2019-02-23T19:52:00,2019-02-23T19:52:00,78,78
http://irail.be/vehicle/L5869,http://irail.be/stations/NMBS/008866001,L,2019-02-23T19:55:00,2019-02-23T19:55:00,,78
http://irail.be/vehicle/L5869,http://irail.be/stations/NMBS/008865003,L,2019-05-11T19:19:00,2019-05-11T19:19:00,33,
http://irail.be/vehicle/L5869,http://irail.be/stations/NMBS/008866258,L,2019-05-11T19:26:00,2019-05-11T19:26:00,69,21
http://irail.be/vehicle/L5869,http://irail.be/stations/NMBS/008866175,L,2019-05-11T19:37:00,2019-05-11T19:36:00,145,127
http://irail.be/vehicle/L5869,http://irail.be/stations/NMBS/008866142,L,2019-05-11T19:43:00,2019-05-11T19:43:00,143,91
http://irail.be/vehicle/L5869,http://irail.be/stations/NMBS/008862018,L,2019-05-11T19:50:00,2019-05-11T19:50:00,169,169
http://irail.be/vehicle/L5869,http://irail.be/stations/NMBS/008866118,L,2019-05-11T19:52:00,2019-05-11T19:52:00,147,147
http://irail.be/vehicle/L5869,http://irail.be/stations/NMBS/008866001,L,2019-05-11T19:55:00,2019-05-11T19:55:00,,147
http://irail.be/vehicle/L5869,http://irail.be/stations/NMBS/008865003,L,2019-05-19T19:19:00,2019-05-19T19:19:00,22,
http://irail.be/vehicle/L5869,http://irail.be/stations/NMBS/008866258,L,2019-05-19T19:26:00,2019-05-19T19:26:00,-22,-22
http://irail.be/vehicle/L5869,http://irail.be/stations/NMBS/008866175,L,2019-05-19T19:37:00,2019-05-19T19:36:00,13,-87
http://irail.be/vehicle/L5869,http://irail.be/stations/NMBS/008866142,L,2019-05-19T19:43:00,2019-05-19T19:43:00,10,-4
http://irail.be/vehicle/L5869,http://irail.be/stations/NMBS/008862018,L,2019-05-19T19:50:00,2019-05-19T19:50:00,25,25
http://irail.be/vehicle/L5869,http://irail.be/stations/NMBS/008866118,L,2019-05-19T19:52:00,2019-05-19T19:52:00,35,35
http://irail.be/vehicle/L5869,http://irail.be/stations/NMBS/008866001,L,2019-05-19T19:55:00,2019-05-19T19:55:00,,35
http://irail.be/vehicle/L5869,http://irail.be/stations/NMBS/008865003,L,2019-05-04T19:19:00,2019-05-04T19:19:00,67,
http://irail.be/vehicle/L5869,http://irail.be/stations/NMBS/008866258,L,2019-05-04T19:26:00,2019-05-04T19:26:00,44,44
http://irail.be/vehicle/L5869,http://irail.be/stations/NMBS/008866175,L,2019-05-04T19:37:00,2019-05-04T19:36:00,94,70
http://irail.be/vehicle/L5869,http://irail.be/stations/NMBS/008866142,L,2019-05-04T19:43:00,2019-05-04T19:43:00,24,7
http://irail.be/vehicle/L5869,http://irail.be/stations/NMBS/008862018,L,2019-05-04T19:50:00,2019-05-04T19:50:00,40,40
http://irail.be/vehicle/L5869,http://irail.be/stations/NMBS/008866118,L,2019-05-04T19:52:00,2019-05-04T19:52:00,26,26
http://irail.be/vehicle/L5869,http://irail.be/stations/NMBS/008866001,L,2019-05-04T19:55:00,2019-05-04T19:55:00,,26
http://irail.be/vehicle/L5869,http://irail.be/stations/NMBS/008865003,L,2019-04-27T19:19:00,2019-04-27T19:19:00,59,
http://irail.be/vehicle/L5869,http://irail.be/stations/NMBS/008866258,L,2019-04-27T19:26:00,2019-04-27T19:26:00,10,7
http://irail.be/vehicle/L5869,http://irail.be/stations/NMBS/008866175,L,2019-04-27T19:37:00,2019-04-27T19:36:00,74,37
http://irail.be/vehicle/L5869,http://irail.be/stations/NMBS/008866142,L,2019-04-27T19:43:00,2019-04-27T19:43:00,20,-13
http://irail.be/vehicle/L5869,http://irail.be/stations/NMBS/008862018,L,2019-04-27T19:50:00,2019-04-27T19:50:00,34,34
http://irail.be/vehicle/L5869,http://irail.be/stations/NMBS/008866118,L,2019-04-27T19:52:00,2019-04-27T19:52:00,13,13
http://irail.be/vehicle/L5869,http://irail.be/stations/NMBS/008866001,L,2019-04-27T19:55:00,2019-04-27T19:55:00,,13
http://irail.be/vehicle/L5869,http://irail.be/stations/NMBS/008865003,L,2019-03-02T19:19:00,2019-03-02T19:19:00,104,
http://irail.be/vehicle/L5869,http://irail.be/stations/NMBS/008866258,L,2019-03-02T19:26:00,2019-03-02T19:26:00,175,86
http://irail.be/vehicle/L5869,http://irail.be/stations/NMBS/008866175,L,2019-03-02T19:37:00,2019-03-02T19:36:00,247,220
http://irail.be/vehicle/L5869,http://irail.be/stations/NMBS/008866142,L,2019-03-02T19:43:00,2019-03-02T19:43:00,197,164
http://irail.be/vehicle/L5869,http://irail.be/stations/NMBS/008862018,L,2019-03-02T19:50:00,2019-03-02T19:50:00,216,216
http://irail.be/vehicle/L5869,http://irail.be/stations/NMBS/008866118,L,2019-03-02T19:52:00,2019-03-02T19:52:00,221,221
http://irail.be/vehicle/L5869,http://irail.be/stations/NMBS/008866001,L,2019-03-02T19:55:00,2019-03-02T19:55:00,,221
http://irail.be/vehicle/L5869,http://irail.be/stations/NMBS/008865003,L,2019-03-09T19:19:00,2019-03-09T19:19:00,28,
http://irail.be/vehicle/L5869,http://irail.be/stations/NMBS/008866258,L,2019-03-09T19:26:00,2019-03-09T19:26:00,171,52
http://irail.be/vehicle/L5869,http://irail.be/stations/NMBS/008866175,L,2019-03-09T19:37:00,2019-03-09T19:36:00,309,266
http://irail.be/vehicle/L5869,http://irail.be/stations/NMBS/008866142,L,2019-03-09T19:43:00,2019-03-09T19:43:00,283,265
http://irail.be/vehicle/L5869,http://irail.be/stations/NMBS/008862018,L,2019-03-09T19:50:00,2019-03-09T19:50:00,297,297
http://irail.be/vehicle/L5869,http://irail.be/stations/NMBS/008866118,L,2019-03-09T19:52:00,2019-03-09T19:52:00,234,234
http://irail.be/vehicle/L5869,http://irail.be/stations/NMBS/008866001,L,2019-03-09T19:55:00,2019-03-09T19:55:00,,234
http://irail.be/vehicle/L5869,http://irail.be/stations/NMBS/008865003,L,2019-04-20T19:19:00,2019-04-20T19:19:00,76,
http://irail.be/vehicle/L5869,http://irail.be/stations/NMBS/008866258,L,2019-04-20T19:26:00,2019-04-20T19:26:00,71,45
http://irail.be/vehicle/L5869,http://irail.be/stations/NMBS/008866175,L,2019-04-20T19:37:00,2019-04-20T19:36:00,135,93
http://irail.be/vehicle/L5869,http://irail.be/stations/NMBS/008866142,L,2019-04-20T19:43:00,2019-04-20T19:43:00,50,43
http://irail.be/vehicle/L5869,http://irail.be/stations/NMBS/008862018,L,2019-04-20T19:50:00,2019-04-20T19:50:00,79,79
http://irail.be/vehicle/L5869,http://irail.be/stations/NMBS/008866118,L,2019-04-20T19:52:00,2019-04-20T19:52:00,36,36
http://irail.be/vehicle/L5869,http://irail.be/stations/NMBS/008866001,L,2019-04-20T19:55:00,2019-04-20T19:55:00,,36
http://irail.be/vehicle/L5869,http://irail.be/stations/NMBS/008865003,L,2019-06-08T19:19:00,2019-06-08T19:19:00,38,
http://irail.be/vehicle/L5869,http://irail.be/stations/NMBS/008866258,L,2019-06-08T19:26:00,2019-06-08T19:26:00,177,27
http://irail.be/vehicle/L5869,http://irail.be/stations/NMBS/008866175,L,2019-06-08T19:37:00,2019-06-08T19:36:00,196,187
http://irail.be/vehicle/L5869,http://irail.be/stations/NMBS/008866142,L,2019-06-08T19:43:00,2019-06-08T19:43:00,179,138
http://irail.be/vehicle/L5869,http://irail.be/stations/NMBS/008862018,L,2019-06-08T19:50:00,2019-06-08T19:50:00,207,207
http://irail.be/vehicle/L5869,http://irail.be/stations/NMBS/008866118,L,2019-06-08T19:52:00,2019-06-08T19:52:00,216,216
http://irail.be/vehicle/L5869,http://irail.be/stations/NMBS/008866001,L,2019-06-08T19:55:00,2019-06-08T19:55:00,,216
http://irail.be/vehicle/L5869,http://irail.be/stations/NMBS/008865003,L,2019-01-19T19:19:00,2019-01-19T19:19:00,-4,
http://irail.be/vehicle/L5869,http://irail.be/stations/NMBS/008866258,L,2019-01-19T19:26:00,2019-01-19T19:26:00,68,-26
http://irail.be/vehicle/L5869,http://irail.be/stations/NMBS/008866175,L,2019-01-19T19:37:00,2019-01-19T19:36:00,128,115
http://irail.be/vehicle/L5869,http://irail.be/stations/NMBS/008866142,L,2019-01-19T19:43:00,2019-01-19T19:43:00,62,49
http://irail.be/vehicle/L5869,http://irail.be/stations/NMBS/008862018,L,2019-01-19T19:50:00,2019-01-19T19:50:00,90,90
http://irail.be/vehicle/L5869,http://irail.be/stations/NMBS/008866118,L,2019-01-19T19:52:00,2019-01-19T19:52:00,80,80
http://irail.be/vehicle/L5869,http://irail.be/stations/NMBS/008866001,L,2019-01-19T19:55:00,2019-01-19T19:55:00,,80
http://irail.be/vehicle/L5869,http://irail.be/stations/NMBS/008865003,L,2019-06-15T19:19:00,2019-06-15T19:19:00,36,
http://irail.be/vehicle/L5869,http://irail.be/stations/NMBS/008866258,L,2019-06-15T19:26:00,2019-06-15T19:26:00,15,15
http://irail.be/vehicle/L5869,http://irail.be/stations/NMBS/008866175,L,2019-06-15T19:37:00,2019-06-15T19:36:00,9,-7
http://irail.be/vehicle/L5869,http://irail.be/stations/NMBS/008866142,L,2019-06-15T19:43:00,2019-06-15T19:43:00,-10,-71
http://irail.be/vehicle/L5869,http://irail.be/stations/NMBS/008862018,L,2019-06-15T19:50:00,2019-06-15T19:50:00,29,29
http://irail.be/vehicle/L5869,http://irail.be/stations/NMBS/008866118,L,2019-06-15T19:52:00,2019-06-15T19:52:00,43,43
http://irail.be/vehicle/L5869,http://irail.be/stations/NMBS/008866001,L,2019-06-15T19:55:00,2019-06-15T19:55:00,,43
http://irail.be/vehicle/L5869,http://irail.be/stations/NMBS/008865003,L,2019-01-06T19:19:00,2019-01-06T19:19:00,21,
http://irail.be/vehicle/L5869,http://irail.be/stations/NMBS/008866258,L,2019-01-06T19:26:00,2019-01-06T19:26:00,112,19
http://irail.be/vehicle/L5869,http://irail.be/stations/NMBS/008866175,L,2019-01-06T19:37:00,2019-01-06T19:36:00,119,132
http://irail.be/vehicle/L5869,http://irail.be/stations/NMBS/008866142,L,2019-01-06T19:43:00,2019-01-06T19:43:00,47,40
http://irail.be/vehicle/L5869,http://irail.be/stations/NMBS/008862018,L,2019-01-06T19:50:00,2019-01-06T19:50:00,67,67
http://irail.be/vehicle/L5869,http://irail.be/stations/NMBS/008866118,L,2019-01-06T19:52:00,2019-01-06T19:52:00,29,29
http://irail.be/vehicle/L5869,http://irail.be/stations/NMBS/008866001,L,2019-01-06T19:55:00,2019-01-06T19:55:00,,29
http://irail.be/vehicle/L5869,http://irail.be/stations/NMBS/008865003,L,2019-03-10T19:19:00,2019-03-10T19:19:00,27,
http://irail.be/vehicle/L5869,http://irail.be/stations/NMBS/008866258,L,2019-03-10T19:26:00,2019-03-10T19:26:00,32,-12
http://irail.be/vehicle/L5869,http://irail.be/stations/NMBS/008866175,L,2019-03-10T19:37:00,2019-03-10T19:36:00,261,47
http://irail.be/vehicle/L5869,http://irail.be/stations/NMBS/008866142,L,2019-03-10T19:43:00,2019-03-10T19:43:00,227,189
http://irail.be/vehicle/L5869,http://irail.be/stations/NMBS/008862018,L,2019-03-10T19:50:00,2019-03-10T19:50:00,260,260
http://irail.be/vehicle/L5869,http://irail.be/stations/NMBS/008866118,L,2019-03-10T19:52:00,2019-03-10T19:52:00,223,223
http://irail.be/vehicle/L5869,http://irail.be/stations/NMBS/008866001,L,2019-03-10T19:55:00,2019-03-10T19:55:00,,223
http://irail.be/vehicle/L5869,http://irail.be/stations/NMBS/008865003,L,2019-06-29T19:19:00,2019-06-29T19:19:00,-5,
http://irail.be/vehicle/L5869,http://irail.be/stations/NMBS/008866258,L,2019-06-29T19:26:00,2019-06-29T19:26:00,106,-58
http://irail.be/vehicle/L5869,http://irail.be/stations/NMBS/008866175,L,2019-06-29T19:37:00,2019-06-29T19:36:00,111,97
http://irail.be/vehicle/L5869,http://irail.be/stations/NMBS/008866142,L,2019-06-29T19:43:00,2019-06-29T19:43:00,22,21
http://irail.be/vehicle/L5869,http://irail.be/stations/NMBS/008862018,L,2019-06-29T19:50:00,2019-06-29T19:50:00,24,24
http://irail.be/vehicle/L5869,http://irail.be/stations/NMBS/008866118,L,2019-06-29T19:52:00,2019-06-29T19:52:00,-13,-13
http://irail.be/vehicle/L5869,http://irail.be/stations/NMBS/008866001,L,2019-06-29T19:55:00,2019-06-29T19:55:00,,-13
http://irail.be/vehicle/L5869,http://irail.be/stations/NMBS/008865003,L,2019-02-16T19:19:00,2019-02-16T19:19:00,22,
http://irail.be/vehicle/L5869,http://irail.be/stations/NMBS/008866258,L,2019-02-16T19:26:00,2019-02-16T19:26:00,73,4
http://irail.be/vehicle/L5869,http://irail.be/stations/NMBS/008866175,L,2019-02-16T19:37:00,2019-02-16T19:36:00,93,93
http://irail.be/vehicle/L5869,http://irail.be/stations/NMBS/008866142,L,2019-02-16T19:43:00,2019-02-16T19:43:00,27,9
http://irail.be/vehicle/L5869,http://irail.be/stations/NMBS/008862018,L,2019-02-16T19:50:00,2019-02-16T19:50:00,55,55
http://irail.be/vehicle/L5869,http://irail.be/stations/NMBS/008866118,L,2019-02-16T19:52:00,2019-02-16T19:52:00,22,22
http://irail.be/vehicle/L5869,http://irail.be/stations/NMBS/008866001,L,2019-02-16T19:55:00,2019-02-16T19:55:00,,22
http://irail.be/vehicle/L5869,http://irail.be/stations/NMBS/008865003,L,2019-02-03T19:19:00,2019-02-03T19:19:00,22,
http://irail.be/vehicle/L5869,http://irail.be/stations/NMBS/008866258,L,2019-02-03T19:26:00,2019-02-03T19:26:00,164,9
http://irail.be/vehicle/L5869,http://irail.be/stations/NMBS/008866175,L,2019-02-03T19:37:00,2019-02-03T19:36:00,203,200
http://irail.be/vehicle/L5869,http://irail.be/stations/NMBS/008866142,L,2019-02-03T19:43:00,2019-02-03T19:43:00,161,130
http://irail.be/vehicle/L5869,http://irail.be/stations/NMBS/008862018,L,2019-02-03T19:50:00,2019-02-03T19:50:00,194,194
http://irail.be/vehicle/L5869,http://irail.be/stations/NMBS/008866118,L,2019-02-03T19:52:00,2019-02-03T19:52:00,177,177
http://irail.be/vehicle/L5869,http://irail.be/stations/NMBS/008866001,L,2019-02-03T19:55:00,2019-02-03T19:55:00,,177
http://irail.be/vehicle/L5869,http://irail.be/stations/NMBS/008865003,L,2019-06-23T19:19:00,2019-06-23T19:19:00,29,
http://irail.be/vehicle/L5869,http://irail.be/stations/NMBS/008866258,L,2019-06-23T19:26:00,2019-06-23T19:26:00,0,-4
http://irail.be/vehicle/L5869,http://irail.be/stations/NMBS/008866175,L,2019-06-23T19:37:00,2019-06-23T19:36:00,1,-33
http://irail.be/vehicle/L5869,http://irail.be/stations/NMBS/008866142,L,2019-06-23T19:43:00,2019-06-23T19:43:00,-30,-85
http://irail.be/vehicle/L5869,http://irail.be/stations/NMBS/008862018,L,2019-06-23T19:50:00,2019-06-23T19:50:00,37,37
http://irail.be/vehicle/L5869,http://irail.be/stations/NMBS/008866118,L,2019-06-23T19:52:00,2019-06-23T19:52:00,11,11
http://irail.be/vehicle/L5869,http://irail.be/stations/NMBS/008866001,L,2019-06-23T19:55:00,2019-06-23T19:55:00,,11
http://irail.be/vehicle/L5869,http://irail.be/stations/NMBS/008865003,L,2019-06-01T19:19:00,2019-06-01T19:19:00,30,
http://irail.be/vehicle/L5869,http://irail.be/stations/NMBS/008866258,L,2019-06-01T19:26:00,2019-06-01T19:26:00,158,-25
http://irail.be/vehicle/L5869,http://irail.be/stations/NMBS/008866175,L,2019-06-01T19:37:00,2019-06-01T19:36:00,150,142
http://irail.be/vehicle/L5869,http://irail.be/stations/NMBS/008866142,L,2019-06-01T19:43:00,2019-06-01T19:43:00,53,53
http://irail.be/vehicle/L5869,http://irail.be/stations/NMBS/008862018,L,2019-06-01T19:50:00,2019-06-01T19:50:00,65,65
http://irail.be/vehicle/L5869,http://irail.be/stations/NMBS/008866118,L,2019-06-01T19:52:00,2019-06-01T19:52:00,44,44
http://irail.be/vehicle/L5869,http://irail.be/stations/NMBS/008866001,L,2019-06-01T19:55:00,2019-06-01T19:55:00,,44
http://irail.be/vehicle/L5869,http://irail.be/stations/NMBS/008865003,L,2019-05-30T19:19:00,2019-05-30T19:19:00,22,
http://irail.be/vehicle/L5869,http://irail.be/stations/NMBS/008866258,L,2019-05-30T19:26:00,2019-05-30T19:26:00,-16,-16
http://irail.be/vehicle/L5869,http://irail.be/stations/NMBS/008866175,L,2019-05-30T19:37:00,2019-05-30T19:36:00,3,-78
http://irail.be/vehicle/L5869,http://irail.be/stations/NMBS/008866142,L,2019-05-30T19:43:00,2019-05-30T19:43:00,-36,-94
http://irail.be/vehicle/L5869,http://irail.be/stations/NMBS/008862018,L,2019-05-30T19:50:00,2019-05-30T19:50:00,-27,-27
http://irail.be/vehicle/L5869,http://irail.be/stations/NMBS/008866118,L,2019-05-30T19:52:00,2019-05-30T19:52:00,-52,-52
http://irail.be/vehicle/L5869,http://irail.be/stations/NMBS/008866001,L,2019-05-30T19:55:00,2019-05-30T19:55:00,,-52
http://irail.be/vehicle/L5869,http://irail.be/stations/NMBS/008865003,L,2019-05-05T19:19:00,2019-05-05T19:19:00,10,
http://irail.be/vehicle/L5869,http://irail.be/stations/NMBS/008866258,L,2019-05-05T19:26:00,2019-05-05T19:26:00,3,-21
http://irail.be/vehicle/L5869,http://irail.be/stations/NMBS/008866175,L,2019-05-05T19:37:00,2019-05-05T19:36:00,45,30
http://irail.be/vehicle/L5869,http://irail.be/stations/NMBS/008866142,L,2019-05-05T19:43:00,2019-05-05T19:43:00,21,-38
http://irail.be/vehicle/L5869,http://irail.be/stations/NMBS/008862018,L,2019-05-05T19:50:00,2019-05-05T19:50:00,40,40
http://irail.be/vehicle/L5869,http://irail.be/stations/NMBS/008866118,L,2019-05-05T19:52:00,2019-05-05T19:52:00,13,13
http://irail.be/vehicle/L5869,http://irail.be/stations/NMBS/008866001,L,2019-05-05T19:55:00,2019-05-05T19:55:00,,13
http://irail.be/vehicle/L5869,http://irail.be/stations/NMBS/008865003,L,2019-06-22T19:19:00,2019-06-22T19:19:00,42,
http://irail.be/vehicle/L5869,http://irail.be/stations/NMBS/008866258,L,2019-06-22T19:26:00,2019-06-22T19:26:00,92,11
http://irail.be/vehicle/L5869,http://irail.be/stations/NMBS/008866175,L,2019-06-22T19:37:00,2019-06-22T19:36:00,49,72
http://irail.be/vehicle/L5869,http://irail.be/stations/NMBS/008866142,L,2019-06-22T19:43:00,2019-06-22T19:43:00,-28,-45
http://irail.be/vehicle/L5869,http://irail.be/stations/NMBS/008862018,L,2019-06-22T19:50:00,2019-06-22T19:50:00,11,11
http://irail.be/vehicle/L5869,http://irail.be/stations/NMBS/008866118,L,2019-06-22T19:52:00,2019-06-22T19:52:00,-3,-3
http://irail.be/vehicle/L5869,http://irail.be/stations/NMBS/008866001,L,2019-06-22T19:55:00,2019-06-22T19:55:00,,-3
http://irail.be/vehicle/L5869,http://irail.be/stations/NMBS/008865003,L,2019-04-14T19:19:00,2019-04-14T19:19:00,26,
http://irail.be/vehicle/L5869,http://irail.be/stations/NMBS/008866258,L,2019-04-14T19:26:00,2019-04-14T19:26:00,64,-4
http://irail.be/vehicle/L5869,http://irail.be/stations/NMBS/008866175,L,2019-04-14T19:37:00,2019-04-14T19:36:00,112,91
http://irail.be/vehicle/L5869,http://irail.be/stations/NMBS/008866142,L,2019-04-14T19:43:00,2019-04-14T19:43:00,54,30
http://irail.be/vehicle/L5869,http://irail.be/stations/NMBS/008862018,L,2019-04-14T19:50:00,2019-04-14T19:50:00,74,74
http://irail.be/vehicle/L5869,http://irail.be/stations/NMBS/008866118,L,2019-04-14T19:52:00,2019-04-14T19:52:00,45,45
http://irail.be/vehicle/L5869,http://irail.be/stations/NMBS/008866001,L,2019-04-14T19:55:00,2019-04-14T19:55:00,,45
http://irail.be/vehicle/L5869,http://irail.be/stations/NMBS/008865003,L,2019-03-03T19:19:00,2019-03-03T19:19:00,29,
http://irail.be/vehicle/L5869,http://irail.be/stations/NMBS/008866258,L,2019-03-03T19:26:00,2019-03-03T19:26:00,223,8
http://irail.be/vehicle/L5869,http://irail.be/stations/NMBS/008866175,L,2019-03-03T19:37:00,2019-03-03T19:36:00,257,264
http://irail.be/vehicle/L5869,http://irail.be/stations/NMBS/008866142,L,2019-03-03T19:43:00,2019-03-03T19:43:00,174,169
http://irail.be/vehicle/L5869,http://irail.be/stations/NMBS/008862018,L,2019-03-03T19:50:00,2019-03-03T19:50:00,219,219
http://irail.be/vehicle/L5869,http://irail.be/stations/NMBS/008866118,L,2019-03-03T19:52:00,2019-03-03T19:52:00,144,144
http://irail.be/vehicle/L5869,http://irail.be/stations/NMBS/008866001,L,2019-03-03T19:55:00,2019-03-03T19:55:00,,144
http://irail.be/vehicle/L5869,http://irail.be/stations/NMBS/008865003,L,2019-05-26T19:19:00,2019-05-26T19:19:00,17,
http://irail.be/vehicle/L5869,http://irail.be/stations/NMBS/008866258,L,2019-05-26T19:26:00,2019-05-26T19:26:00,136,-5
http://irail.be/vehicle/L5869,http://irail.be/stations/NMBS/008866175,L,2019-05-26T19:37:00,2019-05-26T19:36:00,125,131
http://irail.be/vehicle/L5869,http://irail.be/stations/NMBS/008866142,L,2019-05-26T19:43:00,2019-05-26T19:43:00,55,38
http://irail.be/vehicle/L5869,http://irail.be/stations/NMBS/008862018,L,2019-05-26T19:50:00,2019-05-26T19:50:00,80,80
http://irail.be/vehicle/L5869,http://irail.be/stations/NMBS/008866118,L,2019-05-26T19:52:00,2019-05-26T19:52:00,61,61
http://irail.be/vehicle/L5869,http://irail.be/stations/NMBS/008866001,L,2019-05-26T19:55:00,2019-05-26T19:55:00,,61
http://irail.be/vehicle/L5869,http://irail.be/stations/NMBS/008865003,L,2019-05-01T19:19:00,2019-05-01T19:19:00,22,
http://irail.be/vehicle/L5869,http://irail.be/stations/NMBS/008866258,L,2019-05-01T19:26:00,2019-05-01T19:26:00,2,-9
http://irail.be/vehicle/L5869,http://irail.be/stations/NMBS/008866175,L,2019-05-01T19:37:00,2019-05-01T19:36:00,36,25
http://irail.be/vehicle/L5869,http://irail.be/stations/NMBS/008866142,L,2019-05-01T19:43:00,2019-05-01T19:43:00,8,-55
http://irail.be/vehicle/L5869,http://irail.be/stations/NMBS/008862018,L,2019-05-01T19:50:00,2019-05-01T19:50:00,60,60
http://irail.be/vehicle/L5869,http://irail.be/stations/NMBS/008866118,L,2019-05-01T19:52:00,2019-05-01T19:52:00,176,176
http://irail.be/vehicle/L5869,http://irail.be/stations/NMBS/008866001,L,2019-05-01T19:55:00,2019-05-01T19:55:00,,176
http://irail.be/vehicle/L5869,http://irail.be/stations/NMBS/008865003,L,2019-06-10T19:19:00,2019-06-10T19:19:00,76,
http://irail.be/vehicle/L5869,http://irail.be/stations/NMBS/008866258,L,2019-06-10T19:26:00,2019-06-10T19:26:00,530,23
http://irail.be/vehicle/L5869,http://irail.be/stations/NMBS/008866175,L,2019-06-10T19:37:00,2019-06-10T19:36:00,493,511
http://irail.be/vehicle/L5869,http://irail.be/stations/NMBS/008866142,L,2019-06-10T19:43:00,2019-06-10T19:43:00,431,403
http://irail.be/vehicle/L5869,http://irail.be/stations/NMBS/008862018,L,2019-06-10T19:50:00,2019-06-10T19:50:00,457,457
http://irail.be/vehicle/L5869,http://irail.be/stations/NMBS/008866118,L,2019-06-10T19:52:00,2019-06-10T19:52:00,412,412
http://irail.be/vehicle/L5869,http://irail.be/stations/NMBS/008866001,L,2019-06-10T19:55:00,2019-06-10T19:55:00,,412
http://irail.be/vehicle/L5869,http://irail.be/stations/NMBS/008865003,L,2019-05-25T19:19:00,2019-05-25T19:19:00,21,
http://irail.be/vehicle/L5869,http://irail.be/stations/NMBS/008866258,L,2019-05-25T19:26:00,2019-05-25T19:26:00,11,11
http://irail.be/vehicle/L5869,http://irail.be/stations/NMBS/008866175,L,2019-05-25T19:37:00,2019-05-25T19:36:00,13,-35
http://irail.be/vehicle/L5869,http://irail.be/stations/NMBS/008866142,L,2019-05-25T19:43:00,2019-05-25T19:43:00,-12,-78
http://irail.be/vehicle/L5869,http://irail.be/stations/NMBS/008862018,L,2019-05-25T19:50:00,2019-05-25T19:50:00,15,15
http://irail.be/vehicle/L5869,http://irail.be/stations/NMBS/008866118,L,2019-05-25T19:52:00,2019-05-25T19:52:00,3,3
http://irail.be/vehicle/L5869,http://irail.be/stations/NMBS/008866001,L,2019-05-25T19:55:00,2019-05-25T19:55:00,,3
http://irail.be/vehicle/L5869,http://irail.be/stations/NMBS/008865003,L,2019-05-18T19:19:00,2019-05-18T19:19:00,25,
http://irail.be/vehicle/L5869,http://irail.be/stations/NMBS/008866258,L,2019-05-18T19:26:00,2019-05-18T19:26:00,32,-4
http://irail.be/vehicle/L5869,http://irail.be/stations/NMBS/008866175,L,2019-05-18T19:37:00,2019-05-18T19:36:00,77,77
http://irail.be/vehicle/L5869,http://irail.be/stations/NMBS/008866142,L,2019-05-18T19:43:00,2019-05-18T19:43:00,22,8
http://irail.be/vehicle/L5869,http://irail.be/stations/NMBS/008862018,L,2019-05-18T19:50:00,2019-05-18T19:50:00,37,37
http://irail.be/vehicle/L5869,http://irail.be/stations/NMBS/008866118,L,2019-05-18T19:52:00,2019-05-18T19:52:00,30,30
http://irail.be/vehicle/L5869,http://irail.be/stations/NMBS/008866001,L,2019-05-18T19:55:00,2019-05-18T19:55:00,,30
http://irail.be/vehicle/L5869,http://irail.be/stations/NMBS/008865003,L,2019-01-27T19:19:00,2019-01-27T19:19:00,25,
http://irail.be/vehicle/L5869,http://irail.be/stations/NMBS/008866258,L,2019-01-27T19:26:00,2019-01-27T19:26:00,232,-2
http://irail.be/vehicle/L5869,http://irail.be/stations/NMBS/008866175,L,2019-01-27T19:37:00,2019-01-27T19:36:00,265,259
http://irail.be/vehicle/L5869,http://irail.be/stations/NMBS/008866142,L,2019-01-27T19:43:00,2019-01-27T19:43:00,185,176
http://irail.be/vehicle/L5869,http://irail.be/stations/NMBS/008862018,L,2019-01-27T19:50:00,2019-01-27T19:50:00,192,192
http://irail.be/vehicle/L5869,http://irail.be/stations/NMBS/008866118,L,2019-01-27T19:52:00,2019-01-27T19:52:00,264,264
http://irail.be/vehicle/L5869,http://irail.be/stations/NMBS/008866001,L,2019-01-27T19:55:00,2019-01-27T19:55:00,,264
http://irail.be/vehicle/L5869,http://irail.be/stations/NMBS/008865003,L,2019-06-30T19:19:00,2019-06-30T19:19:00,22,
http://irail.be/vehicle/L5869,http://irail.be/stations/NMBS/008866258,L,2019-06-30T19:26:00,2019-06-30T19:26:00,70,5
http://irail.be/vehicle/L5869,http://irail.be/stations/NMBS/008866175,L,2019-06-30T19:37:00,2019-06-30T19:36:00,40,49
http://irail.be/vehicle/L5869,http://irail.be/stations/NMBS/008866142,L,2019-06-30T19:43:00,2019-06-30T19:43:00,-14,-53
http://irail.be/vehicle/L5869,http://irail.be/stations/NMBS/008862018,L,2019-06-30T19:50:00,2019-06-30T19:50:00,28,28
http://irail.be/vehicle/L5869,http://irail.be/stations/NMBS/008866118,L,2019-06-30T19:52:00,2019-06-30T19:52:00,-7,-7
http://irail.be/vehicle/L5869,http://irail.be/stations/NMBS/008866001,L,2019-06-30T19:55:00,2019-06-30T19:55:00,,-7
http://irail.be/vehicle/L5869,http://irail.be/stations/NMBS/008865003,L,2019-04-21T19:19:00,2019-04-21T19:19:00,15,
http://irail.be/vehicle/L5869,http://irail.be/stations/NMBS/008866258,L,2019-04-21T19:26:00,2019-04-21T19:26:00,-8,-14
http://irail.be/vehicle/L5869,http://irail.be/stations/NMBS/008866175,L,2019-04-21T19:37:00,2019-04-21T19:36:00,62,31
http://irail.be/vehicle/L5869,http://irail.be/stations/NMBS/008866142,L,2019-04-21T19:43:00,2019-04-21T19:43:00,15,-17
http://irail.be/vehicle/L5869,http://irail.be/stations/NMBS/008862018,L,2019-04-21T19:50:00,2019-04-21T19:50:00,57,57
http://irail.be/vehicle/L5869,http://irail.be/stations/NMBS/008866118,L,2019-04-21T19:52:00,2019-04-21T19:52:00,60,60
http://irail.be/vehicle/L5869,http://irail.be/stations/NMBS/008866001,L,2019-04-21T19:55:00,2019-04-21T19:55:00,,60
http://irail.be/vehicle/L5869,http://irail.be/stations/NMBS/008865003,L,2019-06-16T19:19:00,2019-06-16T19:19:00,38,
http://irail.be/vehicle/L5869,http://irail.be/stations/NMBS/008866258,L,2019-06-16T19:26:00,2019-06-16T19:26:00,124,26
http://irail.be/vehicle/L5869,http://irail.be/stations/NMBS/008866175,L,2019-06-16T19:37:00,2019-06-16T19:36:00,105,120
http://irail.be/vehicle/L5869,http://irail.be/stations/NMBS/008866142,L,2019-06-16T19:43:00,2019-06-16T19:43:00,20,15
http://irail.be/vehicle/L5869,http://irail.be/stations/NMBS/008862018,L,2019-06-16T19:50:00,2019-06-16T19:50:00,48,48
http://irail.be/vehicle/L5869,http://irail.be/stations/NMBS/008866118,L,2019-06-16T19:52:00,2019-06-16T19:52:00,60,60
http://irail.be/vehicle/L5869,http://irail.be/stations/NMBS/008866001,L,2019-06-16T19:55:00,2019-06-16T19:55:00,,60
http://irail.be/vehicle/L5869,http://irail.be/stations/NMBS/008865003,L,2019-01-12T19:19:00,2019-01-12T19:19:00,38,
http://irail.be/vehicle/L5869,http://irail.be/stations/NMBS/008866258,L,2019-01-12T19:26:00,2019-01-12T19:26:00,92,7
http://irail.be/vehicle/L5869,http://irail.be/stations/NMBS/008866175,L,2019-01-12T19:37:00,2019-01-12T19:36:00,165,137
http://irail.be/vehicle/L5869,http://irail.be/stations/NMBS/008866142,L,2019-01-12T19:43:00,2019-01-12T19:43:00,146,108
http://irail.be/vehicle/L5869,http://irail.be/stations/NMBS/008862018,L,2019-01-12T19:50:00,2019-01-12T19:50:00,170,170
http://irail.be/vehicle/L5869,http://irail.be/stations/NMBS/008866118,L,2019-01-12T19:52:00,2019-01-12T19:52:00,218,218
http://irail.be/vehicle/L5869,http://irail.be/stations/NMBS/008866001,L,2019-01-12T19:55:00,2019-01-12T19:55:00,,218
http://irail.be/vehicle/L5869,http://irail.be/stations/NMBS/008865003,L,2019-04-22T19:19:00,2019-04-22T19:19:00,12,
http://irail.be/vehicle/L5869,http://irail.be/stations/NMBS/008866258,L,2019-04-22T19:26:00,2019-04-22T19:26:00,54,-29
http://irail.be/vehicle/L5869,http://irail.be/stations/NMBS/008866175,L,2019-04-22T19:37:00,2019-04-22T19:36:00,87,90
http://irail.be/vehicle/L5869,http://irail.be/stations/NMBS/008866142,L,2019-04-22T19:43:00,2019-04-22T19:43:00,30,1
http://irail.be/vehicle/L5869,http://irail.be/stations/NMBS/008862018,L,2019-04-22T19:50:00,2019-04-22T19:50:00,39,39
http://irail.be/vehicle/L5869,http://irail.be/stations/NMBS/008866118,L,2019-04-22T19:52:00,2019-04-22T19:52:00,32,32
http://irail.be/vehicle/L5869,http://irail.be/stations/NMBS/008866001,L,2019-04-22T19:55:00,2019-04-22T19:55:00,,32
http://irail.be/vehicle/L5869,http://irail.be/stations/NMBS/008865003,L,2019-05-12T19:19:00,2019-05-12T19:19:00,7,
http://irail.be/vehicle/L5869,http://irail.be/stations/NMBS/008866258,L,2019-05-12T19:26:00,2019-05-12T19:26:00,92,-6
http://irail.be/vehicle/L5869,http://irail.be/stations/NMBS/008866175,L,2019-05-12T19:37:00,2019-05-12T19:36:00,146,133
http://irail.be/vehicle/L5869,http://irail.be/stations/NMBS/008866142,L,2019-05-12T19:43:00,2019-05-12T19:43:00,88,56
http://irail.be/vehicle/L5869,http://irail.be/stations/NMBS/008862018,L,2019-05-12T19:50:00,2019-05-12T19:50:00,124,124
http://irail.be/vehicle/L5869,http://irail.be/stations/NMBS/008866118,L,2019-05-12T19:52:00,2019-05-12T19:52:00,176,176
http://irail.be/vehicle/L5869,http://irail.be/stations/NMBS/008866001,L,2019-05-12T19:55:00,2019-05-12T19:55:00,,176
